Date,Visitor/Neutral,Home/Neutral
Mon Mar 1 2021,Dallas Mavericks,Orlando Magic
Mon Mar 1 2021,Indiana Pacers,Philadelphia 76ers
Mon Mar 1 2021,Denver Nuggets,Chicago Bulls
Mon Mar 1 2021,Utah Jazz,New Orleans Pelicans
Mon Mar 1 2021,Brooklyn Nets,San Antonio Spurs
Mon Mar 1 2021,Cleveland Cavaliers,Houston Rockets
Mon Mar 1 2021,Charlotte Hornets,Portland Trail Blazers
Tue Mar 2 2021,Memphis Grizzlies,Washington Wizards
Tue Mar 2 2021,Los Angeles Clippers,Boston Celtics
Tue Mar 2 2021,Atlanta Hawks,Miami Heat
Tue Mar 2 2021,New York Knicks,San Antonio Spurs
Tue Mar 2 2021,Denver Nuggets,Milwaukee Bucks
Tue Mar 2 2021,Phoenix Suns,Los Angeles Lakers
Wed Mar 3 2021,Indiana Pacers,Cleveland Cavaliers
Wed Mar 3 2021,Utah Jazz,Philadelphia 76ers
Wed Mar 3 2021,Detroit Pistons,Toronto Raptors
Wed Mar 3 2021,Brooklyn Nets,Houston Rockets
Wed Mar 3 2021,Charlotte Hornets,Minnesota Timberwolves
Wed Mar 3 2021,Chicago Bulls,New Orleans Pelicans
Wed Mar 3 2021,Atlanta Hawks,Orlando Magic
Wed Mar 3 2021,Oklahoma City Thunder,Dallas Mavericks
Wed Mar 3 2021,Golden State Warriors,Portland Trail Blazers
Wed Mar 3 2021,Los Angeles Lakers,Sacramento Kings
Thu Mar 4 2021,Toronto Raptors,Boston Celtics
Thu Mar 4 2021,Los Angeles Clippers,Washington Wizards
Thu Mar 4 2021,Detroit Pistons,New York Knicks
Thu Mar 4 2021,Denver Nuggets,Indiana Pacers
Thu Mar 4 2021,Milwaukee Bucks,Memphis Grizzlies
Thu Mar 4 2021,Miami Heat,New Orleans Pelicans
Thu Mar 4 2021,Oklahoma City Thunder,San Antonio Spurs
Thu Mar 4 2021,Golden State Warriors,Phoenix Suns
Thu Mar 4 2021,Sacramento Kings,Portland Trail Blazers
Wed Mar 10 2021,Washington Wizards,Memphis Grizzlies
Wed Mar 10 2021,San Antonio Spurs,Dallas Mavericks
Thu Mar 11 2021,Detroit Pistons,Charlotte Hornets
Thu Mar 11 2021,Boston Celtics,Brooklyn Nets
Thu Mar 11 2021,Atlanta Hawks,Toronto Raptors
Thu Mar 11 2021,Philadelphia 76ers,Chicago Bulls
Thu Mar 11 2021,Orlando Magic,Miami Heat
Thu Mar 11 2021,New York Knicks,Milwaukee Bucks
Thu Mar 11 2021,Minnesota Timberwolves,New Orleans Pelicans
Thu Mar 11 2021,Dallas Mavericks,Oklahoma City Thunder
Thu Mar 11 2021,Golden State Warriors,Los Angeles Clippers
Thu Mar 11 2021,Phoenix Suns,Portland Trail Blazers
Thu Mar 11 2021,Houston Rockets,Sacramento Kings
Fri Mar 12 2021,Denver Nuggets,Memphis Grizzlies
Fri Mar 12 2021,Cleveland Cavaliers,New Orleans Pelicans
Fri Mar 12 2021,Philadelphia 76ers,Washington Wizards
Fri Mar 12 2021,Miami Heat,Chicago Bulls
Fri Mar 12 2021,Orlando Magic,San Antonio Spurs
Fri Mar 12 2021,Houston Rockets,Utah Jazz
Fri Mar 12 2021,Indiana Pacers,Los Angeles Lakers
Sat Mar 13 2021,New York Knicks,Oklahoma City Thunder
Sat Mar 13 2021,Detroit Pistons,Brooklyn Nets
Sat Mar 13 2021,Toronto Raptors,Charlotte Hornets
Sat Mar 13 2021,Milwaukee Bucks,Washington Wizards
Sat Mar 13 2021,Sacramento Kings,Atlanta Hawks
Sat Mar 13 2021,Portland Trail Blazers,Minnesota Timberwolves
Sat Mar 13 2021,Dallas Mavericks,Denver Nuggets
Sat Mar 13 2021,Indiana Pacers,Phoenix Suns
Sun Mar 14 2021,Memphis Grizzlies,Oklahoma City Thunder
Sun Mar 14 2021,Utah Jazz,Golden State Warriors
Sun Mar 14 2021,San Antonio Spurs,Philadelphia 76ers
Sun Mar 14 2021,Miami Heat,Orlando Magic
Sun Mar 14 2021,Cleveland Cavaliers,Atlanta Hawks
Sun Mar 14 2021,Boston Celtics,Houston Rockets
Sun Mar 14 2021,Portland Trail Blazers,Minnesota Timberwolves
Sun Mar 14 2021,Toronto Raptors,Chicago Bulls
Sun Mar 14 2021,Los Angeles Clippers,New Orleans Pelicans
Mon Mar 15 2021,Sacramento Kings,Charlotte Hornets
Mon Mar 15 2021,Milwaukee Bucks,Washington Wizards
Mon Mar 15 2021,New York Knicks,Brooklyn Nets
Mon Mar 15 2021,San Antonio Spurs,Detroit Pistons
Mon Mar 15 2021,Los Angeles Clippers,Dallas Mavericks
Mon Mar 15 2021,Indiana Pacers,Denver Nuggets
Mon Mar 15 2021,Memphis Grizzlies,Phoenix Suns
Mon Mar 15 2021,Los Angeles Lakers,Golden State Warriors
Tue Mar 16 2021,Utah Jazz,Boston Celtics
Tue Mar 16 2021,Oklahoma City Thunder,Chicago Bulls
Tue Mar 16 2021,Atlanta Hawks,Houston Rockets
Tue Mar 16 2021,Cleveland Cavaliers,Miami Heat
Tue Mar 16 2021,New York Knicks,Philadelphia 76ers
Tue Mar 16 2021,New Orleans Pelicans,Portland Trail Blazers
Tue Mar 16 2021,Minnesota Timberwolves,Los Angeles Lakers
Wed Mar 17 2021,Toronto Raptors,Detroit Pistons
Wed Mar 17 2021,Brooklyn Nets,Indiana Pacers
Wed Mar 17 2021,Milwaukee Bucks,Philadelphia 76ers
Wed Mar 17 2021,Sacramento Kings,Washington Wizards
Wed Mar 17 2021,San Antonio Spurs,Chicago Bulls
Wed Mar 17 2021,Boston Celtics,Cleveland Cavaliers
Wed Mar 17 2021,Golden State Warriors,Houston Rockets
Wed Mar 17 2021,Charlotte Hornets,Denver Nuggets
Wed Mar 17 2021,Miami Heat,Memphis Grizzlies
Wed Mar 17 2021,Los Angeles Clippers,Dallas Mavericks
Thu Mar 18 2021,Utah Jazz,Washington Wizards
Thu Mar 18 2021,Oklahoma City Thunder,Atlanta Hawks
Thu Mar 18 2021,Orlando Magic,New York Knicks
Thu Mar 18 2021,Minnesota Timberwolves,Phoenix Suns
Thu Mar 18 2021,New Orleans Pelicans,Portland Trail Blazers
Thu Mar 18 2021,Charlotte Hornets,Los Angeles Lakers
Fri Mar 19 2021,Sacramento Kings,Boston Celtics
Fri Mar 19 2021,San Antonio Spurs,Cleveland Cavaliers
Fri Mar 19 2021,Detroit Pistons,Houston Rockets
Fri Mar 19 2021,Golden State Warriors,Memphis Grizzlies
Fri Mar 19 2021,Indiana Pacers,Miami Heat
Fri Mar 19 2021,Brooklyn Nets,Orlando Magic
Fri Mar 19 2021,Utah Jazz,Toronto Raptors
Fri Mar 19 2021,Chicago Bulls,Denver Nuggets
Fri Mar 19 2021,Minnesota Timberwolves,Phoenix Suns
Fri Mar 19 2021,Dallas Mavericks,Portland Trail Blazers
Sat Mar 20 2021,Atlanta Hawks,Los Angeles Lakers
Sat Mar 20 2021,Golden State Warriors,Memphis Grizzlies
Sat Mar 20 2021,Sacramento Kings,Philadelphia 76ers
Sat Mar 20 2021,San Antonio Spurs,Milwaukee Bucks
Sat Mar 20 2021,Charlotte Hornets,Los Angeles Clippers
Sun Mar 21 2021,Indiana Pacers,Miami Heat
Sun Mar 21 2021,Oklahoma City Thunder,Houston Rockets
Sun Mar 21 2021,New Orleans Pelicans,Denver Nuggets
Sun Mar 21 2021,Orlando Magic,Boston Celtics
Sun Mar 21 2021,Washington Wizards,Brooklyn Nets
Sun Mar 21 2021,Toronto Raptors,Cleveland Cavaliers
Sun Mar 21 2021,Chicago Bulls,Detroit Pistons
Sun Mar 21 2021,Philadelphia 76ers,New York Knicks
Sun Mar 21 2021,Los Angeles Lakers,Phoenix Suns
Sun Mar 21 2021,Dallas Mavericks,Portland Trail Blazers
Mon Mar 22 2021,Sacramento Kings,Cleveland Cavaliers
Mon Mar 22 2021,Oklahoma City Thunder,Minnesota Timberwolves
Mon Mar 22 2021,Charlotte Hornets,San Antonio Spurs
Mon Mar 22 2021,Utah Jazz,Chicago Bulls
Mon Mar 22 2021,Toronto Raptors,Houston Rockets
Mon Mar 22 2021,Boston Celtics,Memphis Grizzlies
Mon Mar 22 2021,Indiana Pacers,Milwaukee Bucks
Mon Mar 22 2021,Atlanta Hawks,Los Angeles Clippers
Tue Mar 23 2021,Denver Nuggets,Orlando Magic
Tue Mar 23 2021,Los Angeles Lakers,New Orleans Pelicans
Tue Mar 23 2021,Washington Wizards,New York Knicks
Tue Mar 23 2021,Phoenix Suns,Miami Heat
Tue Mar 23 2021,Philadelphia 76ers,Golden State Warriors
Tue Mar 23 2021,Brooklyn Nets,Portland Trail Blazers
Wed Mar 24 2021,Detroit Pistons,Indiana Pacers
Wed Mar 24 2021,Boston Celtics,Milwaukee Bucks
Wed Mar 24 2021,Denver Nuggets,Toronto Raptors
Wed Mar 24 2021,Cleveland Cavaliers,Chicago Bulls
Wed Mar 24 2021,Charlotte Hornets,Houston Rockets
Wed Mar 24 2021,Dallas Mavericks,Minnesota Timberwolves
Wed Mar 24 2021,Memphis Grizzlies,Oklahoma City Thunder
Wed Mar 24 2021,Phoenix Suns,Orlando Magic
Wed Mar 24 2021,Los Angeles Clippers,San Antonio Spurs
Wed Mar 24 2021,Atlanta Hawks,Sacramento Kings
Wed Mar 24 2021,Brooklyn Nets,Utah Jazz
Thu Mar 25 2021,Portland Trail Blazers,Miami Heat
Thu Mar 25 2021,Washington Wizards,New York Knicks
Thu Mar 25 2021,Los Angeles Clippers,San Antonio Spurs
Thu Mar 25 2021,Philadelphia 76ers,Los Angeles Lakers
Thu Mar 25 2021,Golden State Warriors,Sacramento Kings
Fri Mar 26 2021,Brooklyn Nets,Detroit Pistons
Fri Mar 26 2021,Boston Celtics,Milwaukee Bucks
Fri Mar 26 2021,Phoenix Suns,Toronto Raptors
Fri Mar 26 2021,Miami Heat,Charlotte Hornets
Fri Mar 26 2021,Houston Rockets,Minnesota Timberwolves
Fri Mar 26 2021,Denver Nuggets,New Orleans Pelicans
Fri Mar 26 2021,Portland Trail Blazers,Orlando Magic
Fri Mar 26 2021,Indiana Pacers,Dallas Mavericks
Fri Mar 26 2021,Memphis Grizzlies,Utah Jazz
Fri Mar 26 2021,Atlanta Hawks,Golden State Warriors
Fri Mar 26 2021,Cleveland Cavaliers,Los Angeles Lakers
Sat Mar 27 2021,New York Knicks,Milwaukee Bucks
Sat Mar 27 2021,Houston Rockets,Minnesota Timberwolves
Sat Mar 27 2021,Detroit Pistons,Washington Wizards
Sat Mar 27 2021,Chicago Bulls,San Antonio Spurs
Sat Mar 27 2021,Dallas Mavericks,New Orleans Pelicans
Sat Mar 27 2021,Boston Celtics,Oklahoma City Thunder
Sat Mar 27 2021,Memphis Grizzlies,Utah Jazz
Sat Mar 27 2021,Philadelphia 76ers,Los Angeles Clippers
Sat Mar 27 2021,Cleveland Cavaliers,Sacramento Kings
Sun Mar 28 2021,Phoenix Suns,Charlotte Hornets
Sun Mar 28 2021,Portland Trail Blazers,Toronto Raptors
Sun Mar 28 2021,Atlanta Hawks,Denver Nuggets
Sun Mar 28 2021,Orlando Magic,Los Angeles Lakers
Mon Mar 29 2021,Indiana Pacers,Washington Wizards
Mon Mar 29 2021,New Orleans Pelicans,Boston Celtics
Mon Mar 29 2021,Minnesota Timberwolves,Brooklyn Nets
Mon Mar 29 2021,Miami Heat,New York Knicks
Mon Mar 29 2021,Toronto Raptors,Detroit Pistons
Mon Mar 29 2021,Memphis Grizzlies,Houston Rockets
Mon Mar 29 2021,Dallas Mavericks,Oklahoma City Thunder
Mon Mar 29 2021,Sacramento Kings,San Antonio Spurs
Mon Mar 29 2021,Cleveland Cavaliers,Utah Jazz
Mon Mar 29 2021,Chicago Bulls,Golden State Warriors
Mon Mar 29 2021,Milwaukee Bucks,Los Angeles Clippers
Tue Mar 30 2021,Charlotte Hornets,Washington Wizards
Tue Mar 30 2021,Philadelphia 76ers,Denver Nuggets
Tue Mar 30 2021,Orlando Magic,Los Angeles Clippers
Tue Mar 30 2021,Atlanta Hawks,Phoenix Suns
Wed Mar 31 2021,Portland Trail Blazers,Detroit Pistons
Wed Mar 31 2021,Miami Heat,Indiana Pacers
Wed Mar 31 2021,Dallas Mavericks,Boston Celtics
Wed Mar 31 2021,Houston Rockets,Brooklyn Nets
Wed Mar 31 2021,Utah Jazz,Memphis Grizzlies
Wed Mar 31 2021,New York Knicks,Minnesota Timberwolves
Wed Mar 31 2021,Toronto Raptors,Oklahoma City Thunder
Wed Mar 31 2021,Sacramento Kings,San Antonio Spurs
Wed Mar 31 2021,Milwaukee Bucks,Los Angeles Lakers
Wed Mar 31 2021,Chicago Bulls,Phoenix Suns
Thu Apr 1 2021,Philadelphia 76ers,Cleveland Cavaliers
Thu Apr 1 2021,Washington Wizards,Detroit Pistons
Thu Apr 1 2021,Charlotte Hornets,Brooklyn Nets
Thu Apr 1 2021,Golden State Warriors,Miami Heat
Thu Apr 1 2021,Orlando Magic,New Orleans Pelicans
Thu Apr 1 2021,Atlanta Hawks,San Antonio Spurs
Thu Apr 1 2021,Denver Nuggets,Los Angeles Clippers
Fri Apr 2 2021,Golden State Warriors,Toronto Raptors
Fri Apr 2 2021,Houston Rockets,Boston Celtics
Fri Apr 2 2021,Dallas Mavericks,New York Knicks
Fri Apr 2 2021,Charlotte Hornets,Indiana Pacers
Fri Apr 2 2021,Minnesota Timberwolves,Memphis Grizzlies
Fri Apr 2 2021,Atlanta Hawks,New Orleans Pelicans
Fri Apr 2 2021,Chicago Bulls,Utah Jazz
Fri Apr 2 2021,Oklahoma City Thunder,Phoenix Suns
Fri Apr 2 2021,Milwaukee Bucks,Portland Trail Blazers
Fri Apr 2 2021,Los Angeles Lakers,Sacramento Kings
Sat Apr 3 2021,Dallas Mavericks,Washington Wizards
Sat Apr 3 2021,New York Knicks,Detroit Pistons
Sat Apr 3 2021,Cleveland Cavaliers,Miami Heat
Sat Apr 3 2021,Minnesota Timberwolves,Philadelphia 76ers
Sat Apr 3 2021,Indiana Pacers,San Antonio Spurs
Sat Apr 3 2021,Orlando Magic,Utah Jazz
Sat Apr 3 2021,Oklahoma City Thunder,Portland Trail Blazers
Sat Apr 3 2021,Milwaukee Bucks,Sacramento Kings
Sun Apr 4 2021,Brooklyn Nets,Chicago Bulls
Sun Apr 4 2021,Los Angeles Lakers,Los Angeles Clippers
Sun Apr 4 2021,Charlotte Hornets,Boston Celtics
Sun Apr 4 2021,Memphis Grizzlies,Philadelphia 76ers
Sun Apr 4 2021,Golden State Warriors,Atlanta Hawks
Sun Apr 4 2021,New Orleans Pelicans,Houston Rockets
Sun Apr 4 2021,Orlando Magic,Denver Nuggets
Mon Apr 5 2021,New York Knicks,Brooklyn Nets
Mon Apr 5 2021,Utah Jazz,Dallas Mavericks
Mon Apr 5 2021,Sacramento Kings,Minnesota Timberwolves
Mon Apr 5 2021,Detroit Pistons,Oklahoma City Thunder
Mon Apr 5 2021,Cleveland Cavaliers,San Antonio Spurs
Mon Apr 5 2021,Washington Wizards,Toronto Raptors
Mon Apr 5 2021,Phoenix Suns,Houston Rockets
Tue Apr 6 2021,Chicago Bulls,Indiana Pacers
Tue Apr 6 2021,New Orleans Pelicans,Atlanta Hawks
Tue Apr 6 2021,Philadelphia 76ers,Boston Celtics
Tue Apr 6 2021,Los Angeles Lakers,Toronto Raptors
Tue Apr 6 2021,Memphis Grizzlies,Miami Heat
Tue Apr 6 2021,Detroit Pistons,Denver Nuggets
Tue Apr 6 2021,Milwaukee Bucks,Golden State Warriors
Tue Apr 6 2021,Portland Trail Blazers,Los Angeles Clippers
Wed Apr 7 2021,Minnesota Timberwolves,Indiana Pacers
Wed Apr 7 2021,Washington Wizards,Orlando Magic
Wed Apr 7 2021,New York Knicks,Boston Celtics
Wed Apr 7 2021,New Orleans Pelicans,Brooklyn Nets
Wed Apr 7 2021,Memphis Grizzlies,Atlanta Hawks
Wed Apr 7 2021,Dallas Mavericks,Houston Rockets
Wed Apr 7 2021,Charlotte Hornets,Oklahoma City Thunder
Wed Apr 7 2021,San Antonio Spurs,Denver Nuggets
Wed Apr 7 2021,Utah Jazz,Phoenix Suns
Thu Apr 8 2021,Los Angeles Lakers,Miami Heat
Thu Apr 8 2021,Chicago Bulls,Toronto Raptors
Thu Apr 8 2021,Cleveland Cavaliers,Oklahoma City Thunder
Thu Apr 8 2021,Milwaukee Bucks,Dallas Mavericks
Thu Apr 8 2021,Phoenix Suns,Los Angeles Clippers
Thu Apr 8 2021,Detroit Pistons,Sacramento Kings
Thu Apr 8 2021,Portland Trail Blazers,Utah Jazz
Fri Apr 9 2021,Indiana Pacers,Orlando Magic
Fri Apr 9 2021,Minnesota Timberwolves,Boston Celtics
Fri Apr 9 2021,Memphis Grizzlies,New York Knicks
Fri Apr 9 2021,Chicago Bulls,Atlanta Hawks
Fri Apr 9 2021,Philadelphia 76ers,New Orleans Pelicans
Fri Apr 9 2021,San Antonio Spurs,Denver Nuggets
Fri Apr 9 2021,Charlotte Hornets,Milwaukee Bucks
Fri Apr 9 2021,Washington Wizards,Golden State Warriors
Fri Apr 9 2021,Houston Rockets,Los Angeles Clippers
Sat Apr 10 2021,Toronto Raptors,Cleveland Cavaliers
Sat Apr 10 2021,Los Angeles Lakers,Brooklyn Nets
Sat Apr 10 2021,Philadelphia 76ers,Oklahoma City Thunder
Sat Apr 10 2021,Sacramento Kings,Utah Jazz
Sat Apr 10 2021,Houston Rockets,Golden State Warriors
Sat Apr 10 2021,Washington Wizards,Phoenix Suns
Sat Apr 10 2021,Detroit Pistons,Portland Trail Blazers
Sun Apr 11 2021,Atlanta Hawks,Charlotte Hornets
Sun Apr 11 2021,Boston Celtics,Denver Nuggets
Sun Apr 11 2021,New Orleans Pelicans,Cleveland Cavaliers
Sun Apr 11 2021,Milwaukee Bucks,Orlando Magic
Sun Apr 11 2021,San Antonio Spurs,Dallas Mavericks
Sun Apr 11 2021,Indiana Pacers,Memphis Grizzlies
Sun Apr 11 2021,Chicago Bulls,Minnesota Timberwolves
Sun Apr 11 2021,Toronto Raptors,New York Knicks
Sun Apr 11 2021,Detroit Pistons,Los Angeles Clippers
Sun Apr 11 2021,Miami Heat,Portland Trail Blazers
Mon Apr 12 2021,Los Angeles Lakers,New York Knicks
Mon Apr 12 2021,Brooklyn Nets,Minnesota Timberwolves
Mon Apr 12 2021,San Antonio Spurs,Orlando Magic
Mon Apr 12 2021,Philadelphia 76ers,Dallas Mavericks
Mon Apr 12 2021,Chicago Bulls,Memphis Grizzlies
Mon Apr 12 2021,Sacramento Kings,New Orleans Pelicans
Mon Apr 12 2021,Washington Wizards,Utah Jazz
Mon Apr 12 2021,Denver Nuggets,Golden State Warriors
Mon Apr 12 2021,Houston Rockets,Phoenix Suns
Tue Apr 13 2021,Los Angeles Clippers,Indiana Pacers
Tue Apr 13 2021,Atlanta Hawks,Toronto Raptors
Tue Apr 13 2021,Los Angeles Lakers,Charlotte Hornets
Tue Apr 13 2021,Oklahoma City Thunder,Utah Jazz
Tue Apr 13 2021,Miami Heat,Phoenix Suns
Tue Apr 13 2021,Boston Celtics,Portland Trail Blazers
Wed Apr 14 2021,Cleveland Cavaliers,Charlotte Hornets
Wed Apr 14 2021,Brooklyn Nets,Philadelphia 76ers
Wed Apr 14 2021,San Antonio Spurs,Toronto Raptors
Wed Apr 14 2021,Orlando Magic,Chicago Bulls
Wed Apr 14 2021,Los Angeles Clippers,Detroit Pistons
Wed Apr 14 2021,Milwaukee Bucks,Minnesota Timberwolves
Wed Apr 14 2021,New York Knicks,New Orleans Pelicans
Wed Apr 14 2021,Indiana Pacers,Houston Rockets
Wed Apr 14 2021,Golden State Warriors,Oklahoma City Thunder
Wed Apr 14 2021,Dallas Mavericks,Memphis Grizzlies
Wed Apr 14 2021,Miami Heat,Denver Nuggets
Wed Apr 14 2021,Washington Wizards,Sacramento Kings
Thu Apr 15 2021,Milwaukee Bucks,Atlanta Hawks
Thu Apr 15 2021,Golden State Warriors,Cleveland Cavaliers
Thu Apr 15 2021,Boston Celtics,Los Angeles Lakers
Thu Apr 15 2021,Sacramento Kings,Phoenix Suns
Fri Apr 16 2021,Indiana Pacers,Utah Jazz
Fri Apr 16 2021,Oklahoma City Thunder,Detroit Pistons
Fri Apr 16 2021,Los Angeles Clippers,Philadelphia 76ers
Fri Apr 16 2021,New Orleans Pelicans,Washington Wizards
Fri Apr 16 2021,Charlotte Hornets,Brooklyn Nets
Fri Apr 16 2021,Orlando Magic,Toronto Raptors
Fri Apr 16 2021,Memphis Grizzlies,Chicago Bulls
Fri Apr 16 2021,Denver Nuggets,Houston Rockets
Fri Apr 16 2021,Miami Heat,Minnesota Timberwolves
Fri Apr 16 2021,Portland Trail Blazers,San Antonio Spurs
Fri Apr 16 2021,New York Knicks,Dallas Mavericks
Sat Apr 17 2021,Utah Jazz,Los Angeles Lakers
Sat Apr 17 2021,Cleveland Cavaliers,Chicago Bulls
Sat Apr 17 2021,Detroit Pistons,Washington Wizards
Sat Apr 17 2021,Golden State Warriors,Boston Celtics
Sat Apr 17 2021,Memphis Grizzlies,Milwaukee Bucks
Sat Apr 17 2021,San Antonio Spurs,Phoenix Suns
Sun Apr 18 2021,Indiana Pacers,Atlanta Hawks
Sun Apr 18 2021,New Orleans Pelicans,New York Knicks
Sun Apr 18 2021,Brooklyn Nets,Miami Heat
Sun Apr 18 2021,Portland Trail Blazers,Charlotte Hornets
Sun Apr 18 2021,Houston Rockets,Orlando Magic
Sun Apr 18 2021,Oklahoma City Thunder,Toronto Raptors
Sun Apr 18 2021,Sacramento Kings,Dallas Mavericks
Sun Apr 18 2021,Minnesota Timberwolves,Los Angeles Clippers
Mon Apr 19 2021,Cleveland Cavaliers,Detroit Pistons
Mon Apr 19 2021,Chicago Bulls,Boston Celtics
Mon Apr 19 2021,Golden State Warriors,Philadelphia 76ers
Mon Apr 19 2021,San Antonio Spurs,Indiana Pacers
Mon Apr 19 2021,Houston Rockets,Miami Heat
Mon Apr 19 2021,Phoenix Suns,Milwaukee Bucks
Mon Apr 19 2021,Oklahoma City Thunder,Washington Wizards
Mon Apr 19 2021,Memphis Grizzlies,Denver Nuggets
Mon Apr 19 2021,Utah Jazz,Los Angeles Lakers
Tue Apr 20 2021,Orlando Magic,Atlanta Hawks
Tue Apr 20 2021,Brooklyn Nets,New Orleans Pelicans
Tue Apr 20 2021,Charlotte Hornets,New York Knicks
Tue Apr 20 2021,Los Angeles Clippers,Portland Trail Blazers
Tue Apr 20 2021,Minnesota Timberwolves,Sacramento Kings
Wed Apr 21 2021,Chicago Bulls,Cleveland Cavaliers
Wed Apr 21 2021,Oklahoma City Thunder,Indiana Pacers
Wed Apr 21 2021,Phoenix Suns,Philadelphia 76ers
Wed Apr 21 2021,Brooklyn Nets,Toronto Raptors
Wed Apr 21 2021,Golden State Warriors,Washington Wizards
Wed Apr 21 2021,Utah Jazz,Houston Rockets
Wed Apr 21 2021,Atlanta Hawks,New York Knicks
Wed Apr 21 2021,Detroit Pistons,Dallas Mavericks
Wed Apr 21 2021,Miami Heat,San Antonio Spurs
Wed Apr 21 2021,Memphis Grizzlies,Los Angeles Clippers
Wed Apr 21 2021,Denver Nuggets,Portland Trail Blazers
Wed Apr 21 2021,Minnesota Timberwolves,Sacramento Kings
Thu Apr 22 2021,Phoenix Suns,Boston Celtics
Thu Apr 22 2021,Philadelphia 76ers,Milwaukee Bucks
Thu Apr 22 2021,New Orleans Pelicans,Orlando Magic
Thu Apr 22 2021,Detroit Pistons,San Antonio Spurs
Thu Apr 22 2021,Charlotte Hornets,Chicago Bulls
Thu Apr 22 2021,Los Angeles Lakers,Dallas Mavericks
Fri Apr 23 2021,Miami Heat,Atlanta Hawks
Fri Apr 23 2021,Boston Celtics,Brooklyn Nets
Fri Apr 23 2021,Cleveland Cavaliers,Charlotte Hornets
Fri Apr 23 2021,Los Angeles Clippers,Houston Rockets
Fri Apr 23 2021,Washington Wizards,Oklahoma City Thunder
Fri Apr 23 2021,Denver Nuggets,Golden State Warriors
Fri Apr 23 2021,Memphis Grizzlies,Portland Trail Blazers
Sat Apr 24 2021,Toronto Raptors,New York Knicks
Sat Apr 24 2021,Philadelphia 76ers,Milwaukee Bucks
Sat Apr 24 2021,Detroit Pistons,Indiana Pacers
Sat Apr 24 2021,Chicago Bulls,Miami Heat
Sat Apr 24 2021,San Antonio Spurs,New Orleans Pelicans
Sat Apr 24 2021,Los Angeles Lakers,Dallas Mavericks
Sat Apr 24 2021,Minnesota Timberwolves,Utah Jazz
Sat Apr 24 2021,Houston Rockets,Denver Nuggets
Sun Apr 25 2021,Boston Celtics,Charlotte Hornets
Sun Apr 25 2021,Phoenix Suns,Brooklyn Nets
Sun Apr 25 2021,Memphis Grizzlies,Portland Trail Blazers
Sun Apr 25 2021,Cleveland Cavaliers,Washington Wizards
Sun Apr 25 2021,Milwaukee Bucks,Atlanta Hawks
Sun Apr 25 2021,Indiana Pacers,Orlando Magic
Sun Apr 25 2021,Sacramento Kings,Golden State Warriors
Mon Apr 26 2021,Atlanta Hawks,Detroit Pistons
Mon Apr 26 2021,Los Angeles Lakers,Orlando Magic
Mon Apr 26 2021,Oklahoma City Thunder,Philadelphia 76ers
Mon Apr 26 2021,San Antonio Spurs,Washington Wizards
Mon Apr 26 2021,Phoenix Suns,New York Knicks
Mon Apr 26 2021,Cleveland Cavaliers,Toronto Raptors
Mon Apr 26 2021,Chicago Bulls,Miami Heat
Mon Apr 26 2021,Utah Jazz,Minnesota Timberwolves
Mon Apr 26 2021,Los Angeles Clippers,New Orleans Pelicans
Mon Apr 26 2021,Memphis Grizzlies,Denver Nuggets
Mon Apr 26 2021,Dallas Mavericks,Sacramento Kings
Tue Apr 27 2021,Oklahoma City Thunder,Boston Celtics
Tue Apr 27 2021,Milwaukee Bucks,Charlotte Hornets
Tue Apr 27 2021,Portland Trail Blazers,Indiana Pacers
Tue Apr 27 2021,Brooklyn Nets,Toronto Raptors
Tue Apr 27 2021,Minnesota Timberwolves,Houston Rockets
Tue Apr 27 2021,Dallas Mavericks,Golden State Warriors
Wed Apr 28 2021,Orlando Magic,Cleveland Cavaliers
Wed Apr 28 2021,Atlanta Hawks,Philadelphia 76ers
Wed Apr 28 2021,Los Angeles Lakers,Washington Wizards
Wed Apr 28 2021,Charlotte Hornets,Boston Celtics
Wed Apr 28 2021,Chicago Bulls,New York Knicks
Wed Apr 28 2021,San Antonio Spurs,Miami Heat
Wed Apr 28 2021,New Orleans Pelicans,Denver Nuggets
Wed Apr 28 2021,Portland Trail Blazers,Memphis Grizzlies
Wed Apr 28 2021,Los Angeles Clippers,Phoenix Suns
Wed Apr 28 2021,Utah Jazz,Sacramento Kings
Thu Apr 29 2021,Dallas Mavericks,Detroit Pistons
Thu Apr 29 2021,Brooklyn Nets,Indiana Pacers
Thu Apr 29 2021,Milwaukee Bucks,Houston Rockets
Thu Apr 29 2021,Golden State Warriors,Minnesota Timberwolves
Thu Apr 29 2021,Toronto Raptors,Denver Nuggets
Thu Apr 29 2021,New Orleans Pelicans,Oklahoma City Thunder
Fri Apr 30 2021,Atlanta Hawks,Philadelphia 76ers
Fri Apr 30 2021,San Antonio Spurs,Boston Celtics
Fri Apr 30 2021,Washington Wizards,Cleveland Cavaliers
Fri Apr 30 2021,Portland Trail Blazers,Brooklyn Nets
Fri Apr 30 2021,Orlando Magic,Memphis Grizzlies
Fri Apr 30 2021,Milwaukee Bucks,Chicago Bulls
Fri Apr 30 2021,Utah Jazz,Phoenix Suns
Fri Apr 30 2021,Sacramento Kings,Los Angeles Lakers
Sat May 1 2021,Detroit Pistons,Charlotte Hornets
Sat May 1 2021,Golden State Warriors,Houston Rockets
Sat May 1 2021,Chicago Bulls,Atlanta Hawks
Sat May 1 2021,Miami Heat,Cleveland Cavaliers
Sat May 1 2021,New Orleans Pelicans,Minnesota Timberwolves
Sat May 1 2021,Indiana Pacers,Oklahoma City Thunder
Sat May 1 2021,Memphis Grizzlies,Orlando Magic
Sat May 1 2021,Washington Wizards,Dallas Mavericks
Sat May 1 2021,Denver Nuggets,Los Angeles Clippers
Sat May 1 2021,Toronto Raptors,Utah Jazz
Sun May 2 2021,Brooklyn Nets,Milwaukee Bucks
Sun May 2 2021,Portland Trail Blazers,Boston Celtics
Sun May 2 2021,Miami Heat,Charlotte Hornets
Sun May 2 2021,Sacramento Kings,Dallas Mavericks
Sun May 2 2021,New York Knicks,Houston Rockets
Sun May 2 2021,Phoenix Suns,Oklahoma City Thunder
Sun May 2 2021,Philadelphia 76ers,San Antonio Spurs
Sun May 2 2021,Toronto Raptors,Los Angeles Lakers
Mon May 3 2021,Orlando Magic,Detroit Pistons
Mon May 3 2021,Indiana Pacers,Washington Wizards
Mon May 3 2021,Golden State Warriors,New Orleans Pelicans
Mon May 3 2021,Portland Trail Blazers,Atlanta Hawks
Mon May 3 2021,Philadelphia 76ers,Chicago Bulls
Mon May 3 2021,New York Knicks,Memphis Grizzlies
Mon May 3 2021,Denver Nuggets,Los Angeles Lakers
Mon May 3 2021,San Antonio Spurs,Utah Jazz
Tue May 4 2021,Phoenix Suns,Cleveland Cavaliers
Tue May 4 2021,Charlotte Hornets,Detroit Pistons
Tue May 4 2021,Brooklyn Nets,Milwaukee Bucks
Tue May 4 2021,Dallas Mavericks,Miami Heat
Tue May 4 2021,Golden State Warriors,New Orleans Pelicans
Tue May 4 2021,Sacramento Kings,Oklahoma City Thunder
Tue May 4 2021,Toronto Raptors,Los Angeles Clippers
Wed May 5 2021,Boston Celtics,Orlando Magic
Wed May 5 2021,Portland Trail Blazers,Cleveland Cavaliers
Wed May 5 2021,Phoenix Suns,Atlanta Hawks
Wed May 5 2021,Philadelphia 76ers,Houston Rockets
Wed May 5 2021,Sacramento Kings,Indiana Pacers
Wed May 5 2021,Washington Wizards,Milwaukee Bucks
Wed May 5 2021,Memphis Grizzlies,Minnesota Timberwolves
Wed May 5 2021,New York Knicks,Denver Nuggets
Wed May 5 2021,San Antonio Spurs,Utah Jazz
Thu May 6 2021,Chicago Bulls,Charlotte Hornets
Thu May 6 2021,Brooklyn Nets,Dallas Mavericks
Thu May 6 2021,Washington Wizards,Toronto Raptors
Thu May 6 2021,Memphis Grizzlies,Detroit Pistons
Thu May 6 2021,Atlanta Hawks,Indiana Pacers
Thu May 6 2021,Oklahoma City Thunder,Golden State Warriors
Thu May 6 2021,Los Angeles Lakers,Los Angeles Clippers
Fri May 7 2021,New Orleans Pelicans,Philadelphia 76ers
Fri May 7 2021,Boston Celtics,Chicago Bulls
Fri May 7 2021,Orlando Magic,Charlotte Hornets
Fri May 7 2021,Minnesota Timberwolves,Miami Heat
Fri May 7 2021,Houston Rockets,Milwaukee Bucks
Fri May 7 2021,Cleveland Cavaliers,Dallas Mavericks
Fri May 7 2021,New York Knicks,Phoenix Suns
Fri May 7 2021,Los Angeles Lakers,Portland Trail Blazers
Fri May 7 2021,San Antonio Spurs,Sacramento Kings
Fri May 7 2021,Denver Nuggets,Utah Jazz
Sat May 8 2021,Washington Wizards,Indiana Pacers
Sat May 8 2021,Detroit Pistons,Philadelphia 76ers
Sat May 8 2021,Memphis Grizzlies,Toronto Raptors
Sat May 8 2021,Brooklyn Nets,Denver Nuggets
Sat May 8 2021,Oklahoma City Thunder,Golden State Warriors
Sat May 8 2021,San Antonio Spurs,Portland Trail Blazers
Sat May 8 2021,Houston Rockets,Utah Jazz
Sun May 9 2021,Miami Heat,Boston Celtics
Sun May 9 2021,New York Knicks,Los Angeles Clippers
Sun May 9 2021,New Orleans Pelicans,Charlotte Hornets
Sun May 9 2021,Dallas Mavericks,Cleveland Cavaliers
Sun May 9 2021,Minnesota Timberwolves,Orlando Magic
Sun May 9 2021,Chicago Bulls,Detroit Pistons
Sun May 9 2021,Phoenix Suns,Los Angeles Lakers
Sun May 9 2021,Oklahoma City Thunder,Sacramento Kings
Mon May 10 2021,Washington Wizards,Atlanta Hawks
Mon May 10 2021,Indiana Pacers,Cleveland Cavaliers
Mon May 10 2021,New Orleans Pelicans,Memphis Grizzlies
Mon May 10 2021,Milwaukee Bucks,San Antonio Spurs
Mon May 10 2021,Utah Jazz,Golden State Warriors
Mon May 10 2021,Houston Rockets,Portland Trail Blazers
Tue May 11 2021,Miami Heat,Boston Celtics
Tue May 11 2021,Denver Nuggets,Charlotte Hornets
Tue May 11 2021,Minnesota Timberwolves,Detroit Pistons
Tue May 11 2021,Los Angeles Clippers,Toronto Raptors
Tue May 11 2021,Brooklyn Nets,Chicago Bulls
Tue May 11 2021,Philadelphia 76ers,Indiana Pacers
Tue May 11 2021,Dallas Mavericks,Memphis Grizzlies
Tue May 11 2021,Orlando Magic,Milwaukee Bucks
Tue May 11 2021,Phoenix Suns,Golden State Warriors
Tue May 11 2021,Oklahoma City Thunder,Sacramento Kings
Tue May 11 2021,New York Knicks,Los Angeles Lakers
Wed May 12 2021,Washington Wizards,Atlanta Hawks
Wed May 12 2021,San Antonio Spurs,Brooklyn Nets
Wed May 12 2021,Boston Celtics,Cleveland Cavaliers
Wed May 12 2021,New Orleans Pelicans,Dallas Mavericks
Wed May 12 2021,Portland Trail Blazers,Utah Jazz
Wed May 12 2021,Houston Rockets,Los Angeles Lakers
Thu May 13 2021,Los Angeles Clippers,Charlotte Hornets
Thu May 13 2021,Milwaukee Bucks,Indiana Pacers
Thu May 13 2021,Orlando Magic,Atlanta Hawks
Thu May 13 2021,Philadelphia 76ers,Miami Heat
Thu May 13 2021,San Antonio Spurs,New York Knicks
Thu May 13 2021,Toronto Raptors,Chicago Bulls
Thu May 13 2021,Sacramento Kings,Memphis Grizzlies
Thu May 13 2021,Denver Nuggets,Minnesota Timberwolves
Thu May 13 2021,Portland Trail Blazers,Phoenix Suns
Fri May 14 2021,Cleveland Cavaliers,Washington Wizards
Fri May 14 2021,Denver Nuggets,Detroit Pistons
Fri May 14 2021,Utah Jazz,Oklahoma City Thunder
Fri May 14 2021,Orlando Magic,Philadelphia 76ers
Fri May 14 2021,Toronto Raptors,Dallas Mavericks
Fri May 14 2021,Los Angeles Clippers,Houston Rockets
Fri May 14 2021,Sacramento Kings,Memphis Grizzlies
Fri May 14 2021,New Orleans Pelicans,Golden State Warriors
Sat May 15 2021,Chicago Bulls,Brooklyn Nets
Sat May 15 2021,Los Angeles Lakers,Indiana Pacers
Sat May 15 2021,Miami Heat,Milwaukee Bucks
Sat May 15 2021,Boston Celtics,Minnesota Timberwolves
Sat May 15 2021,Charlotte Hornets,New York Knicks
Sat May 15 2021,Phoenix Suns,San Antonio Spurs
Sun May 16 2021,Houston Rockets,Atlanta Hawks
Sun May 16 2021,Cleveland Cavaliers,Brooklyn Nets
Sun May 16 2021,Milwaukee Bucks,Chicago Bulls
Sun May 16 2021,Miami Heat,Detroit Pistons
Sun May 16 2021,Memphis Grizzlies,Golden State Warriors
Sun May 16 2021,Dallas Mavericks,Minnesota Timberwolves
Sun May 16 2021,Los Angeles Lakers,New Orleans Pelicans
Sun May 16 2021,Boston Celtics,New York Knicks
Sun May 16 2021,Los Angeles Clippers,Oklahoma City Thunder
Sun May 16 2021,Orlando Magic,Philadelphia 76ers
Sun May 16 2021,Denver Nuggets,Portland Trail Blazers
Sun May 16 2021,Utah Jazz,Sacramento Kings
Sun May 16 2021,Phoenix Suns,San Antonio Spurs
Sun May 16 2021,Indiana Pacers,Toronto Raptors
Sun May 16 2021,Charlotte Hornets,Washington Wizards
