Rk,Player,Pos,Tm,FG%,3P,FT%,TRB,AST,STL,BLK,TOV,PTS
1,Bradley Beal\bealbr01,SG,WAS,.485,2.2,.902,5.0,4.8,1.2,0.4,3.3,31.3
2,Joel Embiid\embiijo01,C,PHI,.525,1.2,.859,11.5,3.3,1.2,1.4,3.2,29.9
3,Damian Lillard\lillada01,PG,POR,.446,4.2,.944,4.3,7.8,0.9,0.3,3.2,29.8
4,Stephen Curry\curryst01,PG,GSW,.475,4.7,.927,5.3,6.2,1.4,0.1,3.0,29.1
5,Kevin Durant\duranke01,PF,BRK,.524,2.6,.869,7.3,5.3,0.7,1.4,3.5,29.0
6,Luka Dončić\doncilu01,PG,DAL,.483,3.0,.748,8.1,9.0,1.0,0.6,4.2,28.5
7,Giannis Antetokounmpo\antetgi01,PF,MIL,.556,1.2,.679,11.4,6.3,1.2,1.3,3.6,28.4
8,Kyrie Irving\irvinky01,PG,BRK,.520,2.8,.893,4.9,5.6,1.3,0.6,2.3,28.1
9,Zach LaVine\lavinza01,SG,CHI,.513,3.4,.866,5.0,4.8,0.9,0.4,3.8,27.5
10,Nikola Jokić\jokicni01,C,DEN,.571,1.5,.868,11.1,8.5,1.6,0.7,3.0,26.9
11,Zion Williamson\willizi01,PF,NOP,.624,0.2,.708,7.1,3.5,0.9,0.7,2.6,26.4
12,James Harden\hardeja01,PG-SG,BKN,.463,2.9,.867,8.2,11.2,1.3,0.7,4.3,26.1
13,Kawhi Leonard\leonaka01,SF,LAC,.515,1.9,.871,6.3,4.9,1.8,0.5,1.9,25.9
14,Donovan Mitchell\mitchdo01,SG,UTA,.439,3.4,.841,4.5,5.5,1.0,0.3,3.0,25.7
15,Trae Young\youngtr01,PG,ATL,.434,2.4,.875,4.0,9.4,0.8,0.3,4.3,25.6
16,LeBron James\jamesle01,PG,LAL,.513,2.4,.703,7.9,7.9,1.0,0.6,3.7,25.4
17,Jayson Tatum\tatumja01,SF,BOS,.451,2.8,.861,6.8,4.4,1.3,0.5,2.4,25.3
18,Devin Booker\bookede01,SG,PHO,.490,2.0,.845,4.1,4.6,0.9,0.2,3.3,25.1
19,De'Aaron Fox\foxde01,PG,SAC,.486,1.8,.704,3.4,7.2,1.4,0.5,3.1,24.8
20,Jaylen Brown\brownja02,SG,BOS,.484,2.6,.762,5.6,3.7,1.2,0.5,2.8,24.5
21,Nikola Vučević\vucevni01,C,CHI,.485,2.6,.833,11.6,3.8,0.9,0.6,1.8,24.4
22,CJ McCollum\mccolcj01,SG,POR,.441,4.2,.877,3.9,4.7,1.0,0.5,1.3,24.2
23,Karl-Anthony Towns\townska01,C,MIN,.496,2.4,.862,10.5,4.3,0.8,1.6,3.3,24.1
24,Collin Sexton\sextoco01,SG,CLE,.476,1.7,.803,2.9,4.2,1.2,0.1,2.7,23.9
25,Brandon Ingram\ingrabr01,SF,NOP,.475,2.4,.876,4.9,4.7,0.6,0.7,2.4,23.8
26,Shai Gilgeous-Alexander\gilgesh01,SG,OKC,.508,2.0,.808,4.7,5.9,0.8,0.7,3.0,23.7
27,Julius Randle\randlju01,PF,NYK,.468,2.0,.787,10.8,5.8,0.9,0.2,3.3,23.0
28,Alize Johnson\johnsal02,F,BRK,.733,0.0,1.000,15.0,3.0,2.0,0.0,1.0,23.0
29,Jerami Grant\grantje01,SF,DET,.424,2.3,.868,4.9,2.8,0.7,1.1,2.0,22.6
30,Paul George\georgpa01,SF,LAC,.473,3.2,.882,6.3,5.5,1.1,0.5,3.2,22.5
31,Anthony Davis\davisan02,PF,LAL,.533,0.7,.715,8.4,3.0,1.3,1.8,2.0,22.5
32,Russell Westbrook\westbru01,PG,WAS,.435,1.3,.615,10.1,10.5,1.3,0.4,4.9,21.8
33,Malcolm Brogdon\brogdma01,PG,IND,.462,2.7,.870,4.7,6.0,1.0,0.2,2.2,21.5
34,Jimmy Butler\butleji01,SF,MIA,.485,0.4,.850,7.7,7.3,1.9,0.4,2.3,21.5
35,Christian Wood\woodch01,C,HOU,.551,1.7,.670,9.8,1.3,0.8,1.4,1.8,21.5
36,Jamal Murray\murraja01,PG,DEN,.481,2.7,.856,3.9,4.9,1.3,0.3,2.3,21.0
37,Tobias Harris\harrito02,PF,PHI,.518,1.5,.897,7.6,3.7,0.9,0.8,1.9,20.9
38,Victor Oladipo\oladivi01,SG,MIA,.411,2.6,.767,5.0,4.7,1.3,0.4,2.4,20.8
39,Terry Rozier\roziete01,SG,CHA,.476,3.3,.844,3.9,3.4,1.3,0.3,1.9,20.5
40,DeMar DeRozan\derozde01,PF,SAS,.489,0.5,.882,4.4,7.2,1.0,0.3,1.8,20.4
41,Khris Middleton\middlkh01,SF,MIL,.492,2.2,.878,6.0,5.4,1.1,0.2,2.8,20.4
42,Domantas Sabonis\sabondo01,PF,IND,.526,0.8,.721,11.3,6.1,1.2,0.6,3.4,20.4
43,Kristaps Porziņģis\porzikr01,C,DAL,.481,2.3,.839,8.9,1.6,0.4,1.6,1.3,20.4
44,John Wall\walljo01,PG,HOU,.400,1.9,.746,3.4,6.8,1.0,0.8,3.4,20.2
45,Pascal Siakam\siakapa01,PF,TOR,.448,1.2,.826,7.4,4.7,1.1,0.7,2.1,20.1
46,Fred VanVleet\vanvlfr01,SG,TOR,.395,3.4,.886,4.3,6.2,1.7,0.7,2.0,20.1
47,Malik Beasley\beaslma01,SG,MIN,.444,3.5,.851,4.5,2.5,0.8,0.2,1.7,20.0
48,Gordon Hayward\haywago01,SF,CHA,.473,2.0,.848,5.7,4.1,1.2,0.3,2.1,19.8
49,Norman Powell\powelno01,SG,POR,.499,2.8,.847,3.0,1.8,1.1,0.2,1.9,19.5
50,Bam Adebayo\adebaba01,C,MIA,.565,0.0,.836,9.6,5.3,0.9,1.2,2.7,19.4
51,D'Angelo Russell\russeda01,PG,MIN,.426,3.0,.750,2.6,5.1,1.1,0.5,2.7,19.3
52,Ja Morant\moranja01,PG,MEM,.438,0.8,.762,3.4,7.5,0.9,0.2,2.9,19.1
53,Evan Fournier\fournev01,SF,BOS,.449,2.7,.797,2.9,3.5,1.1,0.4,2.0,18.9
54,John Collins\collijo01,PF,ATL,.544,1.3,.837,7.8,1.3,0.5,1.1,1.2,18.4
55,Andrew Wiggins\wiggian01,PF,GSW,.474,2.0,.705,4.7,2.2,0.9,0.9,1.9,18.2
56,Kemba Walker\walkeke02,PG,BOS,.396,2.9,.933,3.5,4.6,1.2,0.3,2.2,18.2
57,Eric Gordon\gordoer01,SG,HOU,.433,2.6,.825,2.1,2.6,0.5,0.5,1.9,17.8
58,Andre Drummond\drumman01,C,CLE,.474,0.0,.597,13.5,2.6,1.6,1.2,3.2,17.5
59,RJ Barrett\barrerj01,SG,NYK,.443,1.2,.731,6.1,3.1,0.7,0.2,2.0,17.4
60,Jordan Clarkson\clarkjo01,SG,UTA,.421,3.0,.949,4.0,2.2,0.8,0.2,1.7,17.2
61,Anthony Edwards\edwaran01,SG,MIN,.386,2.1,.772,4.4,2.5,1.0,0.4,2.0,17.2
62,Lauri Markkanen\markkla01,PF,CHI,.481,2.7,.839,5.8,0.9,0.5,0.4,1.3,17.2
63,Kyle Lowry\lowryky01,PG,TOR,.436,2.7,.881,5.4,7.3,1.0,0.3,2.8,17.0
64,Caris LeVert\leverca01,SG,IND,.410,1.9,.800,4.4,5.1,1.2,0.3,1.8,17.0
65,Tim Hardaway Jr.\hardati02,SG,DAL,.453,3.0,.785,3.4,1.8,0.5,0.1,0.9,16.8
66,Buddy Hield\hieldbu01,SG,SAC,.399,4.0,.851,4.6,3.2,0.8,0.3,1.7,16.7
67,Darius Garland\garlada01,PG,CLE,.440,1.8,.835,2.3,5.7,1.1,0.1,3.0,16.6
68,Michael Porter Jr.\portemi01,SF,DEN,.527,2.4,.746,7.4,0.9,0.7,0.9,1.1,16.3
69,Dillon Brooks\brookdi01,SF,MEM,.398,1.8,.852,3.0,2.5,1.3,0.4,1.9,16.1
70,Mike Conley\conlemi01,PG,UTA,.450,2.7,.840,3.5,5.5,1.3,0.1,1.9,16.1
71,Jrue Holiday\holidjr01,PG,MIL,.493,1.8,.821,4.4,5.1,1.8,0.5,1.9,16.1
72,Jonas Valančiūnas\valanjo01,C,MEM,.557,0.3,.755,12.5,1.7,0.6,0.7,1.9,16.1
73,Chris Paul\paulch01,PG,PHO,.481,1.4,.941,4.7,8.5,1.4,0.3,2.3,16.0
74,Terrence Ross\rosste01,SG,ORL,.414,2.3,.894,3.5,2.3,1.1,0.5,1.7,16.0
75,De'Andre Hunter\huntede01,SF,ATL,.502,1.6,.867,5.1,2.1,0.9,0.5,1.4,16.0
76,LaMelo Ball\ballla01,PG,CHA,.451,2.0,.789,5.9,6.1,1.6,0.3,2.8,15.9
77,Ben Simmons\simmobe01,PG,PHI,.557,0.1,.644,7.9,7.5,1.5,0.7,3.7,15.9
78,Harrison Barnes\barneha02,PF,SAC,.488,1.5,.826,6.5,3.6,0.7,0.2,1.5,15.7
79,Dejounte Murray\murrade01,PG,SAS,.456,0.9,.814,7.0,5.3,1.4,0.1,1.7,15.7
80,Tyler Herro\herroty01,SG,MIA,.414,1.9,.835,5.3,3.6,0.7,0.4,2.2,15.5
81,T.J. Warren\warretj01,SF,IND,.529,0.0,.800,3.5,1.3,0.5,0.0,1.0,15.5
82,Dennis Schröder\schrode01,SG,LAL,.436,1.0,.839,3.5,4.9,1.2,0.2,2.7,15.4
83,Kevin Porter Jr.\porteke02,SG,HOU,.431,1.3,.652,2.9,5.8,1.0,0.6,3.0,15.4
84,Montrezl Harrell\harremo01,C,LAL,.638,0.0,.697,6.8,1.1,0.7,0.8,1.1,15.2
85,Kelly Oubre Jr.\oubreke01,SF,GSW,.437,1.6,.693,6.0,1.4,1.0,0.8,1.2,15.2
86,Coby White\whiteco01,PG,CHI,.409,2.3,.895,4.6,4.6,0.5,0.2,2.3,15.0
87,Deandre Ayton\aytonde01,C,PHO,.610,0.1,.767,11.0,1.5,0.4,1.1,1.6,14.8
88,Rudy Gobert\goberru01,C,UTA,.650,0.0,.616,13.4,1.2,0.5,3.0,1.6,14.7
89,OG Anunoby\anunoog01,SF,TOR,.484,2.3,.754,5.9,1.8,1.7,0.8,1.8,14.7
90,Clint Capela\capelca01,C,ATL,.586,0.0,.550,14.1,0.9,0.8,2.2,1.3,14.6
91,Gary Trent Jr.\trentga02,SG,TOR,.409,2.8,.766,2.3,1.4,0.9,0.1,0.7,14.6
92,Bojan Bogdanović\bogdabo02,SF,UTA,.412,2.4,.871,3.8,1.9,0.5,0.0,1.5,14.5
93,Aaron Gordon\gordoaa01,PF,DEN,.444,1.7,.629,6.5,4.1,0.7,0.8,2.6,14.5
94,Richaun Holmes\holmeri01,C,SAC,.647,0.0,.807,9.0,1.8,0.7,1.7,1.2,14.4
95,Thomas Bryant\bryanth01,C,WAS,.648,0.9,.667,6.1,1.5,0.4,0.8,1.1,14.3
96,Lonzo Ball\balllo01,PG,NOP,.425,3.0,.767,4.2,5.6,1.3,0.6,2.0,14.2
97,Al Horford\horfoal01,C,OKC,.450,2.0,.818,6.7,3.4,0.9,0.9,1.0,14.2
98,Joe Harris\harrijo01,SF,BRK,.510,3.2,.721,3.4,1.7,0.6,0.2,0.8,14.1
99,Carmelo Anthony\anthoca01,PF,POR,.417,1.8,.863,3.3,1.7,0.8,0.7,1.0,13.9
100,Marvin Bagley III\baglema01,PF,SAC,.502,0.9,.560,7.4,0.9,0.5,0.5,1.3,13.9
101,Devonte' Graham\grahade01,PG,CHA,.376,3.1,.811,2.6,5.1,0.9,0.1,1.5,13.9
102,Rui Hachimura\hachiru01,PF,WAS,.481,0.9,.769,6.0,1.6,0.8,0.1,1.2,13.9
103,Shake Milton\miltosh01,SG,PHI,.447,1.0,.856,2.3,3.0,0.6,0.3,1.7,13.8
104,LaMarcus Aldridge\aldrila01,C,SAS,.464,1.3,.838,4.5,1.7,0.4,0.9,1.0,13.7
105,Derrick Rose\rosede01,PG,NYK,.430,1.0,.842,2.1,4.3,1.1,0.4,1.9,13.6
106,Kendrick Nunn\nunnke01,PG,MIA,.457,2.0,.907,3.1,2.6,1.0,0.2,1.5,13.5
107,Goran Dragić\dragigo01,PG,MIA,.439,1.6,.844,3.3,4.8,0.6,0.2,2.7,13.5
108,Chris Boucher\bouchch01,C,TOR,.530,1.5,.767,6.3,0.9,0.5,1.9,0.7,13.4
109,Mikal Bridges\bridgmi01,SF,PHO,.527,1.8,.835,4.9,2.4,0.9,0.9,0.9,13.4
110,Doug McDermott\mcderdo01,PF,IND,.516,1.7,.831,3.8,1.4,0.3,0.1,0.9,13.4
111,Keldon Johnson\johnske04,SF,SAS,.471,0.9,.770,6.4,1.9,0.6,0.5,1.1,13.3
112,Tyrese Haliburton\halibty01,PG,SAC,.487,2.2,.868,3.3,5.0,1.3,0.6,1.5,13.2
113,Malik Monk\monkma01,SG,CHA,.463,2.2,.815,2.6,1.8,0.5,0.1,1.5,13.2
114,Derrick White\whitede01,SG,SAS,.395,2.1,.868,2.6,3.3,0.7,1.1,1.4,13.2
115,Jarrett Allen\allenja01,C,CLE,.633,0.1,.704,9.9,1.7,0.5,1.7,1.5,13.1
116,Alec Burks\burksal01,SG,NYK,.423,2.0,.856,4.5,2.2,0.8,0.3,1.0,13.0
117,Marcus Smart\smartma01,PG,BOS,.399,1.9,.781,3.0,5.3,1.5,0.5,1.7,13.0
118,Seth Curry\curryse01,SG,PHI,.464,2.0,.921,2.2,2.9,0.9,0.2,1.4,12.9
119,Josh Jackson\jacksjo02,SG,DET,.418,1.1,.721,4.1,2.1,0.9,0.8,2.2,12.9
120,Markelle Fultz\fultzma01,PG,ORL,.394,0.5,.895,3.1,5.4,1.0,0.3,2.3,12.9
121,Danilo Gallinari\gallida01,PF,ATL,.423,2.1,.935,3.7,1.5,0.6,0.2,1.0,12.8
122,Patty Mills\millspa02,PG,SAS,.438,2.7,.911,1.7,2.5,0.7,0.0,1.0,12.8
123,Immanuel Quickley\quickim01,PG,NYK,.391,2.0,.888,2.3,2.3,0.5,0.2,1.0,12.8
124,Josh Richardson\richajo01,SG,DAL,.435,1.6,.926,3.5,2.8,0.9,0.4,1.5,12.8
125,Marcus Morris\morrima03,PF,LAC,.451,2.4,.849,3.8,1.1,0.5,0.3,0.8,12.7
126,Duncan Robinson\robindu01,SF,MIA,.425,3.3,.836,3.7,1.7,0.6,0.2,1.2,12.7
127,Myles Turner\turnemy01,C,IND,.477,1.5,.786,6.4,1.0,0.9,3.5,1.4,12.7
128,Luguentz Dort\dortlu01,SG,OKC,.386,2.0,.764,3.4,1.6,0.9,0.4,1.4,12.6
129,Will Barton\bartowi01,SF,DEN,.433,1.7,.737,4.1,3.0,0.9,0.5,1.7,12.5
130,Jalen Brunson\brunsja01,PG,DAL,.529,1.2,.794,3.5,3.3,0.5,0.0,1.4,12.5
131,Kyle Anderson\anderky01,PF,MEM,.478,1.3,.757,5.6,3.4,1.2,0.7,1.4,12.4
132,Kyle Kuzma\kuzmaky01,SF,LAL,.438,2.0,.636,6.8,1.6,0.5,0.5,1.7,12.4
133,Enes Kanter\kanteen01,C,POR,.605,0.0,.781,11.7,1.2,0.5,0.7,1.2,12.2
134,Lou Williams\willilo02,PG,LAC,.421,1.1,.866,2.1,3.4,0.9,0.1,1.6,12.1
135,Joe Ingles\inglejo01,SF,UTA,.536,2.7,.868,3.7,4.3,0.6,0.2,1.5,12.0
136,Elfrid Payton\paytoel01,PG,NYK,.438,0.4,.714,3.7,3.5,0.7,0.2,1.8,12.0
137,Thaddeus Young\youngth01,PF,CHI,.593,0.1,.537,6.4,4.4,1.3,0.6,2.1,12.0
138,Darius Bazley\bazleda01,PF,OKC,.392,1.5,.704,7.5,1.5,0.5,0.6,1.8,11.9
139,Hamidou Diallo\diallha01,SG,OKC,.486,0.4,.645,5.2,2.4,0.9,0.4,1.5,11.9
140,P.J. Washington\washipj01,PF,CHA,.441,1.4,.776,6.7,2.8,1.0,1.3,2.2,11.9
141,George Hill\hillge01,PG,OKC,.508,1.6,.840,2.1,3.1,0.9,0.1,0.9,11.8
142,James Wiseman\wisemja01,C,GSW,.522,0.3,.630,5.9,0.6,0.3,1.0,1.5,11.8
143,Brandon Clarke\clarkbr01,PF,MEM,.525,0.5,.675,5.6,1.7,1.1,0.8,0.6,11.6
144,Kevin Huerter\huertke01,SG,ATL,.415,2.1,.841,3.5,3.5,1.2,0.2,1.3,11.6
145,Justin Holiday\holidju01,SG,IND,.430,2.6,.790,3.8,1.7,1.2,0.4,0.9,11.5
146,Lonnie Walker\walkelo01,SG,SAS,.425,1.7,.783,2.8,1.6,0.5,0.4,1.0,11.5
147,Blake Griffin\griffbl01,PF,BKN,.383,1.8,.699,5.0,3.5,0.7,0.1,1.5,11.5
148,Eric Bledsoe\bledser01,SG,NOP,.419,1.8,.657,3.4,3.8,0.7,0.3,1.5,11.4
149,Brook Lopez\lopezbr01,C,MIL,.468,1.5,.837,5.1,0.7,0.7,1.4,1.0,11.3
150,Cam Reddish\reddica01,SF,ATL,.365,1.3,.817,4.0,1.3,1.3,0.3,1.3,11.2
151,Bobby Portis\portibo01,C,MIL,.538,1.1,.737,6.8,1.1,0.8,0.4,0.8,11.0
152,Naz Reid\reidna01,C,MIN,.522,0.8,.698,4.5,1.2,0.6,1.1,1.1,11.0
153,Cole Anthony\anthoco01,PG,ORL,.375,1.1,.836,4.4,3.8,0.7,0.4,2.0,11.0
154,Jordan Poole\poolejo01,SG,GSW,.471,1.7,.922,1.6,1.7,0.3,0.1,0.8,11.0
155,Saddiq Bey\beysa01,SF,DET,.411,2.3,.873,4.1,1.3,0.6,0.1,0.7,10.9
156,Serge Ibaka\ibakase01,C,LAC,.507,1.0,.822,6.7,1.7,0.2,1.2,1.1,10.9
157,Dāvis Bertāns\bertada01,PF,WAS,.389,2.8,.853,2.9,0.9,0.6,0.2,0.6,10.8
158,Wendell Carter Jr.\cartewe01,C,ORL,.514,0.2,.729,7.8,2.1,0.6,0.7,1.5,10.8
159,Rudy Gay\gayru01,PF,SAS,.409,1.6,.780,4.9,1.5,0.8,0.6,1.1,10.8
160,Donte DiVincenzo\divindo01,SG,MIL,.421,2.0,.674,5.4,3.0,1.1,0.2,1.4,10.6
161,Wayne Ellington\ellinwa01,SG,DET,.452,2.7,.774,1.8,1.4,0.4,0.2,0.7,10.6
162,Jae'Sean Tate\tateja01,SF,HOU,.520,0.8,.716,5.5,1.8,1.1,0.6,1.1,10.6
163,Kelly Olynyk\olynyke01,C,HOU,.441,1.8,.809,6.1,2.2,1.0,0.6,1.3,10.5
164,Dwayne Bacon\bacondw01,SG,ORL,.401,1.0,.845,3.0,1.2,0.5,0.1,0.7,10.4
165,Monte Morris\morrimo01,PG,DEN,.471,1.1,.762,2.2,3.4,0.7,0.3,0.7,10.4
166,Jeremy Lamb\lambje01,SG,IND,.444,1.5,.951,3.5,1.6,0.8,0.5,0.6,10.4
167,Mason Plumlee\plumlma01,C,DET,.601,0.0,.653,9.5,3.6,0.9,0.9,2.0,10.3
168,Jaylen Nowell\nowelja01,SG,MIN,.449,1.4,.830,2.3,1.6,0.6,0.3,0.7,10.3
169,Bogdan Bogdanović\bogdabo01,SG,ATL,.414,2.0,.933,3.1,2.3,0.6,0.2,1.0,10.1
170,Larry Nance Jr.\nancela02,PF,CLE,.487,1.2,.634,7.1,3.1,1.8,0.6,1.5,10.1
171,Jae Crowder\crowdja01,PF,PHO,.397,2.4,.822,5.0,2.1,0.8,0.3,0.9,10.0
172,De'Anthony Melton\meltode01,PG,MEM,.478,1.7,.771,3.3,2.7,1.2,0.5,1.2,10.0
173,Cedi Osman\osmande01,SF,CLE,.353,1.8,.754,3.5,2.6,1.0,0.1,1.1,10.0
174,Delon Wright\wrighde01,SG,SAC,.458,0.8,.789,4.5,4.9,1.6,0.5,1.3,10.0
175,Ty Jerome\jeromty01,SG,OKC,.459,2.2,.556,3.1,3.5,0.9,0.1,1.0,9.9
176,Nickeil Alexander-Walker\alexani01,SG,NOP,.419,1.6,.767,3.0,2.0,0.9,0.4,1.3,9.8
177,Grayson Allen\allengr01,SG,MEM,.418,2.0,.902,3.3,2.1,1.0,0.2,0.9,9.8
178,Cameron Johnson\johnsca02,PF,PHO,.434,2.0,.865,3.3,1.4,0.6,0.3,0.7,9.8
179,Dario Šarić\saricda01,C,PHO,.452,1.0,.902,4.2,1.3,0.6,0.1,1.4,9.8
180,Miles Bridges\bridgmi02,PF,CHA,.500,1.2,.909,5.8,2.0,0.6,0.7,1.6,9.7
181,Danny Green\greenda02,SF,PHI,.415,2.6,.708,3.6,1.6,1.3,0.8,1.2,9.7
182,Paul Millsap\millspa01,PF,DEN,.506,1.1,.690,5.1,1.8,1.0,0.6,0.9,9.7
183,Mike Muscala\muscami01,C,OKC,.446,1.9,.917,3.8,0.8,0.2,0.3,0.6,9.7
184,Patrick Williams\willipa01,PF,CHI,.469,0.8,.766,4.9,1.3,0.7,0.7,1.5,9.7
185,Gary Harris\harriga01,SG,DEN,.442,1.3,.733,2.5,1.7,0.9,0.2,0.7,9.7
186,Jusuf Nurkić\nurkiju01,C,POR,.491,0.4,.515,7.4,2.6,0.9,0.9,1.9,9.7
187,Otto Porter\porteot01,SF,ORL,.435,1.5,.838,5.5,2.0,0.5,0.2,1.0,9.7
188,Jeff Green\greenje02,C,BRK,.495,1.3,.759,3.8,1.4,0.6,0.3,0.8,9.6
189,DeMarcus Cousins\couside01,C,HOU,.376,1.6,.746,7.6,2.4,0.8,0.7,1.6,9.6
190,Desmond Bane\banede01,SG,MEM,.486,1.8,.833,2.9,1.3,0.7,0.2,1.0,9.5
191,Eric Paschall\pascher01,PF,GSW,.496,0.4,.713,3.1,1.3,0.3,0.2,1.0,9.5
192,Yogi Ferrell\ferreyo01,PG,CLE,.381,1.5,.000,3.5,2.5,1.5,0.5,1.5,9.5
193,Bryn Forbes\forbebr01,SG,MIL,.456,2.1,.765,1.3,0.6,0.2,0.0,0.6,9.4
194,Reggie Jackson\jacksre01,SG,LAC,.459,1.5,.778,2.6,2.9,0.6,0.1,1.1,9.4
195,Daniel Theis\theisda01,C,CHI,.553,0.8,.676,5.2,1.6,0.6,1.0,1.0,9.4
196,Danuel House\houseda01,SF,HOU,.407,1.6,.667,4.0,2.0,0.6,0.5,0.9,9.4
197,David Nwaba\nwabada01,SF,HOU,.486,0.6,.691,3.9,1.0,1.0,0.7,0.6,9.2
198,Reggie Bullock\bullore01,SF,NYK,.414,2.0,.862,3.4,1.3,0.7,0.2,0.8,9.1
199,Josh Hart\hartjo01,SF,NOP,.441,1.3,.771,7.8,2.3,0.8,0.3,1.0,9.1
200,Isaiah Roby\robyis01,PF,OKC,.506,0.5,.724,5.6,1.8,0.9,0.7,1.6,9.0
201,Robert Covington\covinro01,PF,POR,.405,2.0,.821,6.8,1.8,1.6,1.3,1.1,8.9
202,Furkan Korkmaz\korkmfu01,SG,PHI,.399,1.7,.737,2.1,1.1,0.7,0.1,0.9,8.9
203,JaMychal Green\greenja01,PF,DEN,.454,1.5,.842,5.4,0.8,0.6,0.3,0.9,8.8
204,Théo Maledon\maledth01,PG,OKC,.383,1.7,.761,3.3,3.4,1.0,0.1,1.9,8.7
205,Michael Carter-Williams\cartemi01,SG,ORL,.384,0.4,.679,4.5,4.2,0.6,0.5,2.4,8.7
206,J.J. Redick\redicjj01,SG,NOP,.407,1.6,.957,1.7,1.3,0.3,0.1,0.8,8.7
207,Cody Zeller\zelleco01,C,CHA,.508,0.1,.690,6.9,2.1,0.7,0.4,0.9,8.7
208,Nicolas Batum\batumni01,SF,LAC,.465,1.8,.848,4.8,2.3,1.1,0.4,0.8,8.6
209,Ivica Zubac\zubaciv01,C,LAC,.637,0.0,.826,7.2,1.1,0.4,0.9,1.1,8.6
210,Nicolas Claxton\claxtni01,C,BRK,.593,0.1,.545,4.5,0.8,0.7,1.5,0.5,8.5
211,Kentavious Caldwell-Pope\caldwke01,SG,LAL,.421,1.5,.859,2.4,1.5,0.8,0.3,1.0,8.4
212,Dorian Finney-Smith\finnedo01,PF,DAL,.438,1.6,.840,5.1,1.6,0.9,0.4,0.6,8.4
213,Bruce Brown\brownbr01,PG,BRK,.546,0.2,.736,4.5,1.5,0.7,0.3,0.8,8.3
214,Ricky Rubio\rubiori01,PG,MIN,.387,0.8,.845,3.2,6.9,1.4,0.0,1.9,8.3
215,Patrick Beverley\beverpa01,PG,LAC,.442,1.7,.795,3.7,2.1,0.9,0.8,0.9,8.3
216,Mitchell Robinson\robinmi01,C,NYK,.653,0.0,.491,8.1,0.5,1.1,1.5,0.8,8.3
217,Anfernee Simons\simonan01,SG,POR,.409,2.0,.774,2.4,1.5,0.2,0.1,0.8,8.2
218,Moses Brown\brownmo01,C,OKC,.596,0.0,.559,7.9,0.2,0.6,1.2,0.8,8.2
219,Taurean Prince\princta02,PF,CLE,.373,1.3,.849,3.5,1.7,0.6,0.6,1.1,8.2
220,Derrick Jones Jr.\jonesde02,SF,POR,.496,0.9,.653,4.3,0.9,0.8,1.1,0.6,8.1
221,Luke Kennard\kennalu01,SG,LAC,.494,1.6,.824,2.7,1.7,0.3,0.2,0.7,8.1
222,Robin Lopez\lopezro01,C,WAS,.589,0.1,.705,4.1,0.8,0.3,0.6,1.0,8.1
223,Garrett Temple\templga01,SG,CHI,.424,1.2,.816,3.1,2.0,0.9,0.5,1.0,8.1
224,Talen Horton-Tucker\hortota01,SG,LAL,.445,0.5,.833,2.7,2.3,0.8,0.5,1.3,8.0
225,Raul Neto\netora01,PG,WAS,.448,1.0,.814,2.3,2.2,1.2,0.1,0.8,8.0
226,Avery Bradley\bradlav01,SG,HOU,.444,1.5,.778,1.8,1.5,0.8,0.1,0.8,8.0
227,JaVale McGee\mcgeeja01,C,CLE,.521,0.2,.655,5.2,1.0,0.5,1.2,1.4,8.0
228,Hassan Whiteside\whiteha01,C,SAC,.555,0.0,.524,6.0,0.6,0.2,1.4,1.1,8.0
229,Steven Adams\adamsst01,C,NOP,.631,0.0,.455,8.9,1.9,0.9,0.7,1.5,7.9
230,Tomáš Satoranský\satorto01,SG,CHI,.516,0.8,.917,2.5,4.8,0.7,0.3,1.7,7.9
231,Tristan Thompson\thomptr01,PF,BOS,.534,0.0,.600,8.4,1.0,0.4,0.4,1.0,7.9
232,Gorgui Dieng\dienggo01,C,MEM,.519,1.0,.884,4.5,1.3,0.8,0.6,1.0,7.9
233,Sterling Brown\brownst02,SG,HOU,.432,1.7,.917,4.7,1.5,0.8,0.3,0.8,7.8
234,Maxi Kleber\klebima01,PF,DAL,.441,1.9,.935,5.5,1.3,0.5,0.8,0.5,7.8
235,Isaac Okoro\okorois01,SG,CLE,.405,0.8,.694,2.7,1.8,1.0,0.5,1.5,7.8
236,Landry Shamet\shamela01,SG,BRK,.391,1.8,.837,1.8,1.1,0.5,0.1,0.7,7.8
237,James Ennis\ennisja01,SF,ORL,.487,1.1,.792,4.0,1.4,0.8,0.2,0.9,7.8
238,Jakob Poeltl\poeltja01,C,SAS,.628,0.0,.384,7.8,1.8,0.5,1.7,1.3,7.7
239,Robert Williams\williro04,C,BOS,.714,0.0,.644,6.7,1.6,0.9,1.9,1.0,7.7
240,DeAndre Jordan\jordade01,C,BRK,.767,0.0,.492,7.3,1.7,0.3,1.2,1.5,7.6
241,Henry Ellenson\ellenhe01,PF,TOR,.357,1.0,.750,6.0,2.5,0.0,0.0,0.0,7.5
242,Ben McLemore\mclembe01,SG,HOU,.355,1.7,.719,2.1,0.9,0.6,0.1,0.9,7.5
243,Tyrese Maxey\maxeyty01,SG,PHI,.459,0.5,.828,1.7,1.6,0.4,0.2,0.6,7.3
244,Royce O'Neale\onealro01,SF,UTA,.455,1.7,.844,6.7,2.5,0.8,0.5,1.2,7.3
245,Payton Pritchard\pritcpa01,SG,BOS,.459,1.4,.864,2.2,2.0,0.6,0.2,0.9,7.3
246,PJ Dozier\doziepj01,SG,DEN,.433,0.9,.630,3.7,1.6,0.5,0.5,0.8,7.3
247,Austin Rivers\riverau01,SG,NYK,.430,1.3,.714,2.2,2.0,0.6,0.0,1.0,7.3
248,T.J. McConnell\mccontj01,PG,IND,.547,0.2,.577,3.5,6.5,1.8,0.4,1.8,7.2
249,Sviatoslav Mykhailiuk\mykhasv01,SF,OKC,.387,1.6,.800,2.1,1.6,0.8,0.1,1.1,7.2
250,Kenrich Williams\willike04,PF,OKC,.576,0.7,.541,4.0,1.9,0.7,0.2,1.0,7.2
251,Terence Davis\daviste02,SG,SAC,.417,1.3,.870,2.0,1.1,0.6,0.2,0.9,7.1
252,Denzel Valentine\valende01,SG,CHI,.373,1.4,1.000,3.8,1.6,0.6,0.0,0.6,7.1
253,Justise Winslow\winslju01,SF,MEM,.342,0.3,.563,4.8,1.8,0.8,0.4,1.6,7.1
254,Tyus Jones\jonesty01,PG,MEM,.433,0.6,.889,2.2,4.1,1.1,0.1,0.8,7.0
255,Juan Hernangómez\hernaju01,PF,MIN,.439,1.0,.659,4.4,0.6,0.4,0.1,0.5,7.0
256,Justin Jackson\jacksju01,SF,OKC,.418,1.0,.848,2.2,1.5,0.4,0.1,1.0,7.0
257,Trey Burke\burketr01,PG,DAL,.450,1.0,.868,1.0,1.4,0.6,0.1,0.5,6.9
258,Pat Connaughton\connapa01,SG,MIL,.455,1.5,.769,4.7,1.4,0.7,0.4,0.5,6.9
259,Cory Joseph\josepco01,PG,DET,.445,0.7,.800,2.4,2.5,0.9,0.2,1.1,6.9
260,Timothé Luwawu-Cabarrot\luwawti01,SF,BRK,.376,1.5,.781,2.5,1.3,0.7,0.1,0.8,6.9
261,Jeff Teague\teaguje01,PG,BOS,.415,0.8,.836,1.7,2.1,0.8,0.2,1.1,6.9
262,Nemanja Bjelica\bjeline01,PF,MIA,.460,0.6,.762,3.7,1.8,0.3,0.1,1.1,6.9
263,Kenyon Martin Jr.\martike04,SF,HOU,.510,0.4,.759,4.6,0.7,0.6,0.9,1.0,6.9
264,Dennis Smith Jr.\smithde03,PG,DET,.398,0.9,.750,2.6,3.5,1.1,0.7,1.2,6.9
265,Garrison Mathews\mathega01,SG,WAS,.438,1.5,.896,1.7,0.5,0.6,0.2,0.2,6.8
266,Cameron Payne\payneca01,PG,PHO,.475,1.0,.897,2.1,3.6,0.6,0.2,1.1,6.8
267,D.J. Augustin\augusdj01,PG,HOU,.390,1.3,.923,1.5,3.2,0.6,0.0,1.0,6.7
268,Aaron Holiday\holidaa01,PG,IND,.373,0.9,.756,1.2,1.7,0.6,0.1,0.7,6.7
269,Dwight Howard\howardw01,C,PHI,.570,0.1,.548,8.1,0.7,0.4,0.9,1.8,6.7
270,Spencer Dinwiddie\dinwisp01,SG,BRK,.375,0.7,1.000,4.3,3.0,0.7,0.3,1.7,6.7
271,Abdel Nader\naderab01,SF,PHO,.491,0.8,.757,2.6,0.8,0.4,0.4,0.8,6.7
272,Max Strus\strusma01,SF,MIA,.467,1.5,.688,1.0,0.5,0.2,0.0,0.2,6.7
273,Frank Kaminsky\kaminfr01,C,PHO,.471,0.8,.606,3.7,1.6,0.3,0.4,0.5,6.6
274,Damion Lee\leeda03,SG,GSW,.457,1.4,.895,3.1,1.4,0.6,0.1,0.5,6.6
275,Moritz Wagner\wagnemo01,C,MIN,.496,0.5,.778,2.9,1.2,0.8,0.3,0.9,6.6
276,Damyean Dotson\dotsoda01,SG,CLE,.394,0.9,.688,2.0,2.1,0.4,0.1,0.8,6.5
277,Marquese Chriss\chrisma01,PF,GSW,.357,0.5,.500,6.5,1.0,0.0,1.0,1.0,6.5
278,Isaiah Stewart\stewais01,C,DET,.578,0.2,.674,5.8,0.8,0.5,1.0,0.9,6.4
279,Jarrett Culver\culveja01,SG,MIN,.408,0.4,.600,4.0,0.7,0.6,0.3,1.0,6.4
280,Alex Len\lenal01,C,WAS,.639,0.2,.606,3.5,0.9,0.3,1.1,0.9,6.3
281,Markieff Morris\morrima02,PF,LAL,.418,1.1,.711,4.4,1.0,0.3,0.3,0.8,6.3
282,Xavier Tillman Sr.\tillmxa01,PF,MEM,.520,0.3,.733,4.1,1.4,0.8,0.5,0.8,6.3
283,Frank Mason III\masonfr01,PG,ORL,.375,0.5,.714,3.0,3.0,0.0,0.0,1.3,6.3
284,Aleksej Pokusevski\pokusal01,PF,OKC,.307,1.0,.895,4.7,1.8,0.4,1.0,1.6,6.3
285,Deni Avdija\avdijde01,SF,WAS,.439,1.0,.654,4.6,1.2,0.6,0.2,0.7,6.2
286,Jaden McDaniels\mcdanja02,PF,MIN,.436,1.1,.500,3.4,1.0,0.5,1.1,0.6,6.2
287,Trevor Ariza\arizatr01,F,MIA,.302,0.8,.857,4.7,1.7,0.7,0.8,0.5,6.2
288,Willy Hernangómez\hernawi01,C,NOP,.520,0.0,.595,6.2,1.2,0.3,0.4,0.4,6.2
289,Saben Lee\leesa01,PG,DET,.495,0.2,.645,1.7,2.9,0.6,0.3,0.9,6.2
290,Kira Lewis Jr.\lewiski01,PG,NOP,.418,0.7,.741,1.1,2.2,0.7,0.1,0.4,6.2
291,Draymond Green\greendr01,PF,GSW,.403,0.5,.774,6.4,8.4,1.4,0.8,2.8,6.1
292,Terance Mann\mannte01,SG,LAC,.500,0.4,.774,3.8,1.4,0.4,0.2,0.6,6.1
293,Kent Bazemore\bazemke01,SF,GSW,.452,0.9,.682,2.9,1.5,0.8,0.5,1.1,6.0
294,Frank Jackson\jacksfr01,PG,DET,.430,1.1,.842,1.5,0.7,0.3,0.0,0.9,6.0
295,Dakota Mathias\mathida01,SG,PHI,.396,1.0,.333,0.9,1.6,0.1,0.4,0.1,6.0
296,Aron Baynes\baynear01,C,TOR,.425,0.5,.735,5.1,0.9,0.3,0.4,0.8,5.9
297,Derrick Favors\favorde01,C,UTA,.639,0.0,.738,5.5,0.8,0.5,1.0,0.6,5.9
298,Chasson Randle\randlch01,PG,ORL,.425,1.1,.813,1.9,2.5,0.3,0.1,1.1,5.9
299,Mason Jones\jonesma05,SG,HOU,.412,0.9,.614,2.0,1.5,0.2,0.0,1.1,5.8
300,Jake Layman\laymaja01,SF,MIN,.490,0.6,.767,1.8,0.8,0.8,0.5,0.7,5.8
301,Kevin Love\loveke01,PF,CLE,.318,1.0,.714,3.3,1.3,0.3,0.0,0.8,5.8
302,Gabe Vincent\vincega01,PG,MIA,.379,1.0,.905,1.2,1.5,0.5,0.1,0.8,5.8
303,James Johnson\johnsja01,PF,DAL,.462,0.5,.586,3.0,1.7,0.8,0.8,0.9,5.7
304,Rodney McGruder\mcgruro01,SG,DET,.529,0.7,.750,1.4,1.0,0.5,0.1,0.4,5.7
305,Chuma Okeke\okekech01,PF,ORL,.418,1.1,.647,3.7,1.9,0.8,0.4,0.7,5.7
306,Alex Caruso\carusal01,PG,LAL,.402,0.9,.638,3.0,2.4,1.1,0.2,1.1,5.6
307,Edmond Sumner\sumneed01,SG,IND,.504,0.6,.811,1.4,0.5,0.5,0.1,0.8,5.6
308,Tony Bradley\bradlto01,C,OKC,.692,0.0,.692,5.2,0.9,0.3,0.6,0.5,5.6
309,Khem Birch\birchkh01,C,ORL,.459,0.1,.741,5.3,1.1,0.7,0.6,0.5,5.5
310,Willie Cauley-Stein\caulewi01,C,DAL,.622,0.0,.660,4.3,0.7,0.3,0.8,0.5,5.5
311,Jarred Vanderbilt\vandeja01,PF,MIN,.601,0.0,.581,5.4,1.3,1.0,0.7,1.0,5.5
312,Precious Achiuwa\achiupr01,PF,MIA,.561,0.0,.500,3.6,0.5,0.3,0.5,0.8,5.4
313,Bismack Biyombo\biyombi01,C,CHA,.576,0.0,.486,5.3,1.3,0.3,1.1,1.0,5.4
314,Jaxson Hayes\hayesja02,C,NOP,.727,0.0,.765,3.4,0.5,0.3,0.5,0.6,5.4
315,Tony Snell\snellto01,SG,ATL,.516,1.5,1.000,2.3,1.4,0.2,0.2,0.4,5.4
316,Justin Patton\pattoju01,C,HOU,.414,0.7,.750,3.8,1.1,0.9,1.1,0.3,5.4
317,Georges Niang\niangge01,PF,UTA,.425,1.3,1.000,2.1,0.7,0.3,0.1,0.6,5.3
318,Semi Ojeleye\ojelese01,PF,BOS,.408,1.2,.733,2.9,0.8,0.3,0.0,0.4,5.3
319,Devin Vassell\vassede01,SF,SAS,.412,0.9,.867,3.1,1.0,0.9,0.3,0.4,5.3
320,Al-Farouq Aminu\aminual01,PF,CHI,.400,0.4,.842,5.3,1.6,0.9,0.5,1.5,5.3
321,Tyler Johnson\johnsty01,SG,BRK,.391,1.2,.842,1.9,1.0,0.4,0.0,0.3,5.3
322,Nico Mannion\mannini01,PG,GSW,.341,1.1,.800,1.8,2.8,0.7,0.0,1.1,5.3
323,Glenn Robinson III\robingl02,SF,SAC,.424,0.7,.913,2.0,0.9,0.2,0.1,0.5,5.3
324,Daniel Gafford\gaffoda01,PF,WAS,.700,0.0,.674,3.5,0.5,0.4,1.2,0.8,5.2
325,Carsen Edwards\edwarca01,SG,BOS,.481,0.7,.778,1.1,0.5,0.3,0.1,0.2,5.2
326,Ish Smith\smithis01,PG,WAS,.379,0.3,.400,3.5,4.7,0.8,0.2,1.0,5.2
327,Dylan Windler\windldy01,SF,CLE,.438,0.8,.778,3.5,1.1,0.6,0.4,1.0,5.2
328,Mo Bamba\bambamo01,C,ORL,.468,0.5,.556,4.0,0.4,0.1,1.0,0.4,5.1
329,Nassir Little\littlna01,PF,POR,.449,0.8,.857,2.6,0.4,0.1,0.4,0.4,5.1
330,Caleb Martin\martica02,SF,CHA,.400,0.6,.595,2.4,1.0,0.8,0.2,0.7,5.1
331,Juan Toscano-Anderson\toscaju01,SG,GSW,.557,0.7,.722,4.0,2.2,0.7,0.5,1.0,5.1
332,Nerlens Noel\noelne01,C,NYK,.614,0.0,.658,6.2,0.7,1.0,2.0,1.2,5.0
333,Trey Lyles\lylestr01,PF,SAS,.478,0.6,.652,3.7,0.6,0.3,0.0,0.3,5.0
334,Jordan McLaughlin\mclaujo01,PG,MIN,.364,0.6,.750,2.3,4.6,1.1,0.1,1.1,5.0
335,Jordan Nwora\nworajo01,SF,MIL,.410,0.8,.765,1.9,0.3,0.4,0.2,0.9,5.0
336,Facundo Campazzo\campafa01,PG,DEN,.377,1.0,.805,1.4,2.8,1.0,0.2,0.9,4.9
337,Langston Galloway\gallola01,SG,PHO,.479,1.0,1.000,1.0,0.7,0.2,0.0,0.3,4.9
338,Rodney Hood\hoodro01,SF,TOR,.370,0.7,.824,1.9,1.1,0.5,0.1,0.8,4.9
339,Grant Williams\willigr01,PF,BOS,.455,0.8,.528,3.2,1.0,0.6,0.4,0.9,4.9
340,Marc Gasol\gasolma01,C,LAL,.404,0.9,.786,3.9,2.0,0.5,1.2,0.9,4.8
341,Josh Okogie\okogijo01,SG,MIN,.350,0.4,.814,2.6,1.2,0.9,0.4,0.7,4.8
342,DeAndre' Bembry\bembrde01,SF,TOR,.534,0.3,.680,2.4,1.9,0.7,0.3,1.0,4.8
343,Patrick Patterson\pattepa01,PF,LAC,.493,1.0,.667,1.7,0.6,0.5,0.1,0.4,4.7
344,Jerome Robinson\robinje01,SG,WAS,.295,0.6,.800,2.3,1.4,0.7,0.3,1.1,4.7
345,Dwight Powell\poweldw01,C,DAL,.489,0.1,.773,3.4,0.8,0.5,0.3,0.6,4.6
346,Brad Wanamaker\wanambr01,PG,CHA,.353,0.3,.893,1.7,2.5,0.7,0.2,1.0,4.6
347,Drew Eubanks\eubandr01,C,SAS,.505,0.0,.700,3.4,0.9,0.2,1.0,0.8,4.6
348,Taj Gibson\gibsota01,PF,NYK,.554,0.2,.607,4.9,0.7,0.5,0.7,0.6,4.6
349,Killian Hayes\hayeski01,PG,DET,.277,0.7,.500,1.1,3.6,0.3,0.0,2.4,4.6
350,Kevin Knox\knoxke01,SF,NYK,.392,1.0,.813,1.7,0.5,0.3,0.2,0.5,4.6
351,Boban Marjanović\marjabo01,C,DAL,.489,0.0,.722,4.0,0.3,0.0,0.1,0.4,4.6
352,Andre Iguodala\iguodan01,SF,MIA,.379,1.0,.613,3.8,2.1,1.0,0.5,1.0,4.5
353,Wesley Matthews\matthwe02,SG,LAL,.358,1.1,.857,1.6,1.0,0.5,0.3,0.5,4.5
354,Dean Wade\wadede01,PF,CLE,.434,0.9,.750,2.6,0.9,0.3,0.3,0.4,4.5
355,Troy Brown Jr.\browntr01,SF,CHI,.392,0.7,.667,2.7,1.0,0.3,0.2,0.7,4.5
356,Lamar Stevens\stevela01,PF,CLE,.444,0.1,.705,2.7,0.8,0.5,0.4,0.6,4.5
357,Rayjon Tucker\tuckera01,F,PHI,1.000,0.5,1.000,0.5,0.5,0.0,0.0,0.0,4.5
358,D.J. Wilson\wilsodj01,PF,MIN,.413,0.9,.750,2.6,0.4,0.1,0.5,0.6,4.5
359,E'Twaun Moore\mooreet01,SG,PHO,.422,0.3,.800,1.8,1.5,0.6,0.2,0.8,4.3
360,Jahlil Okafor\okafoja01,C,DET,.595,0.0,.500,2.3,0.3,0.2,0.2,0.3,4.3
361,Solomon Hill\hillso01,PF,ATL,.362,1.0,.857,2.2,0.8,0.7,0.2,0.6,4.2
362,Goga Bitadze\bitadgo01,C,IND,.494,0.2,.692,2.4,0.3,0.2,1.1,0.4,4.2
363,Jalen McDaniels\mcdanja01,SF,CHA,.440,0.4,.714,2.2,0.5,0.1,0.2,0.8,4.2
364,Obi Toppin\toppiob01,PF,NYK,.473,0.4,.706,2.2,0.5,0.3,0.3,0.5,4.1
365,P.J. Tucker\tuckepj01,PF,MIL,.363,0.8,.783,4.4,1.3,0.8,0.6,0.9,4.1
366,Chimezie Metu\metuch01,C,SAC,.565,0.2,.700,2.3,0.5,0.2,0.6,0.6,4.1
367,Frank Ntilikina\ntilila01,PG,NYK,.359,1.0,.500,1.4,0.8,0.8,0.1,0.6,4.1
368,Reggie Perry\perryre01,PF,BRK,.417,0.3,.727,3.9,0.9,0.3,0.3,0.8,4.1
369,Cody Martin\martico01,SF,CHA,.491,0.3,.667,2.6,1.4,0.5,0.2,0.6,4.0
370,Jordan Bone\bonejo01,PG,ORL,.426,0.7,,1.7,1.3,0.1,0.0,0.2,4.0
371,Javonte Green\greenja02,SG,CHI,.526,0.3,.667,2.1,0.4,0.7,0.1,0.6,4.0
372,Isaiah Joe\joeis01,SG,PHI,.360,1.0,1.000,1.1,0.7,0.3,0.2,0.2,4.0
373,John Konchar\konchjo01,SG,MEM,.437,0.4,.850,3.3,1.1,0.9,0.2,0.4,4.0
374,Brodric Thomas\thomabr01,SG,CLE,.302,0.4,.810,1.3,1.0,0.6,0.4,0.6,4.0
375,Kevon Looney\looneke01,C,GSW,.592,0.1,.741,4.1,1.8,0.4,0.4,0.6,3.9
376,Chris Chiozza\chiozch01,PG,BRK,.333,0.7,.769,1.0,2.9,0.4,0.3,0.7,3.9
377,Brandon Goodwin\goodwbr01,PG,ATL,.345,0.6,.708,1.0,1.5,0.4,0.0,0.6,3.9
378,Chandler Hutchison\hutchch01,SF,WAS,.448,0.4,1.000,3.1,0.5,0.1,0.0,1.0,3.9
379,Nathan Knight\knighna01,PF,ATL,.435,0.3,.893,2.0,0.2,0.2,0.3,0.6,3.9
380,Rajon Rondo\rondora01,PG,ATL,.400,0.6,.500,2.0,3.5,0.7,0.1,1.4,3.9
381,Mike Scott\scottmi01,PF,PHI,.356,1.0,.600,2.6,0.7,0.6,0.1,0.6,3.9
382,Mychal Mulder\muldemy01,PG,GSW,.419,1.0,.588,0.8,0.4,0.2,0.2,0.2,3.8
383,Dante Exum\exumda01,SG,CLE,.385,0.3,.500,2.8,2.2,0.7,0.3,1.2,3.8
384,Thon Maker\makerth01,C,CLE,.556,0.0,.909,2.3,0.5,0.3,0.5,0.4,3.8
385,Aaron Nesmith\nesmiaa01,SF,BOS,.376,0.8,.714,2.3,0.4,0.3,0.2,0.6,3.8
386,Zeke Nnaji\nnajize01,PF,DEN,.524,0.6,.800,1.7,0.2,0.1,0.1,0.2,3.8
387,Luka Šamanić\samanlu01,PF,SAS,.490,0.5,.529,2.2,0.2,0.2,0.2,0.6,3.8
388,Matisse Thybulle\thybuma01,SG,PHI,.407,0.7,.571,1.8,1.0,1.5,1.0,0.4,3.7
389,DaQuan Jeffries\jeffrda01,SG,SAC,.421,0.5,.857,1.6,0.3,0.4,0.2,0.4,3.7
390,Sean McDermott\mcderse01,SF,MEM,.429,0.5,1.000,1.5,0.4,0.2,0.2,0.4,3.7
391,Sekou Doumbouya\doumbse01,PF,DET,.340,0.4,.733,2.1,0.6,0.4,0.1,0.7,3.6
392,Torrey Craig\craigto01,SF,PHO,.444,0.6,.500,2.7,1.0,0.5,0.4,0.3,3.5
393,Isaiah Hartenstein\harteis01,C,CLE,.489,0.0,.579,3.2,0.7,0.4,0.7,0.7,3.5
394,Skylar Mays\mayssk01,SG,ATL,.390,0.5,.850,1.0,1.0,0.3,0.0,0.3,3.5
395,Gary Clark\clarkga01,SF,ORL,.305,0.9,.800,3.2,0.9,0.3,0.2,0.5,3.4
396,Darius Miller\milleda01,SF,OKC,.452,0.8,1.000,1.4,1.1,0.6,0.3,0.4,3.4
397,Thanasis Antetokounmpo\antetth01,SF,MIL,.566,0.2,.458,2.3,0.8,0.4,0.2,0.7,3.3
398,Ryan Arcidiacono\arcidry01,PG,CHI,.390,0.6,.750,1.6,1.3,0.3,0.0,0.3,3.3
399,Jordan Bell\belljo01,C,WAS,.333,0.0,,5.3,1.7,0.3,1.0,1.0,3.3
400,Quinn Cook\cookqu01,PG,CLE,.426,0.5,.875,0.7,0.8,0.2,0.0,0.3,3.3
401,Meyers Leonard\leoname01,C,MIA,.429,1.0,.500,2.3,0.7,0.0,0.0,0.7,3.3
402,Kyle Guy\guyky01,PG,SAC,.370,0.5,.800,1.1,1.0,0.2,0.0,0.2,3.1
403,Paul Reed\reedpa01,PF,PHI,.467,0.0,.000,1.9,0.3,0.2,0.6,0.7,3.1
404,Stanley Johnson\johnsst04,PF,TOR,.387,0.6,.778,2.1,1.1,0.7,0.3,0.7,3.0
405,Amir Coffey\coffeam01,SG,LAC,.485,0.6,.529,0.8,0.5,0.2,0.0,0.4,3.0
406,Harry Giles\gilesha01,C,POR,.406,0.1,.722,4.9,0.9,0.2,0.4,0.7,3.0
407,Damian Jones\jonesda03,C,LAL,.727,0.0,.739,2.0,0.2,0.1,0.5,0.5,3.0
408,Paul Watson\watsopa01,SF,TOR,.455,0.8,.500,1.5,0.5,0.2,0.1,0.3,3.0
409,Tacko Fall\fallta01,C,BOS,.727,0.0,.273,2.5,0.2,0.0,0.8,0.2,2.9
410,Josh Hall\halljo01,SF,OKC,.276,0.2,.471,1.7,1.0,0.0,0.0,1.0,2.9
411,Luke Kornet\kornelu01,PF,BOS,.421,0.7,.400,1.6,0.5,0.1,0.5,0.2,2.9
412,Jevon Carter\carteje01,PG,PHO,.379,0.6,1.000,1.1,1.1,0.4,0.2,0.2,2.8
413,Bruno Caboclo\cabocbr01,PF,HOU,.471,0.0,.500,2.3,0.2,0.0,0.3,0.7,2.8
414,Mamadi Diakite\diakima01,PF,MIL,.438,0.0,,2.8,0.8,0.0,0.8,0.0,2.8
415,CJ Elleby\ellebcj01,SF,POR,.412,0.4,.667,1.1,0.2,0.3,0.2,0.2,2.8
416,R.J. Hampton\hamptrj01,PG,ORL,.426,0.2,.769,2.0,0.6,0.2,0.1,0.5,2.8
417,Sam Merrill\merrisa01,SG,MIL,.465,0.7,1.000,1.0,0.8,0.3,0.1,0.4,2.8
418,Tremont Waters\watertr01,PG,BOS,.323,0.5,.875,0.7,2.6,0.5,0.0,1.1,2.8
419,Onyeka Okongwu\okongon01,C,ATL,.587,0.0,.588,2.3,0.2,0.3,0.5,0.4,2.7
420,KZ Okpala\okpalkz01,PF,MIA,.409,0.4,.333,2.0,0.4,0.2,0.3,0.5,2.7
421,Jabari Parker\parkeja01,PF,SAC,.571,0.0,,2.0,0.3,0.0,0.3,1.0,2.7
422,Chris Silva\silvach01,PF,SAC,.714,0.1,.733,2.1,0.5,0.1,0.4,0.8,2.7
423,Matt Thomas\thomama02,SG,UTA,.377,0.6,.857,0.9,0.4,0.1,0.0,0.3,2.7
424,Bol Bol\bolbo01,PF,DEN,.528,0.5,.571,0.8,0.3,0.1,0.3,0.5,2.6
425,Josh Green\greenjo02,SG,DAL,.462,0.1,.538,1.9,0.5,0.2,0.1,0.6,2.5
426,Anthony Lamb\lamban01,SF,HOU,.212,0.4,.750,3.4,0.3,0.1,0.1,0.4,2.5
427,Jontay Porter\portejo01,PF,MEM,.500,0.5,,3.5,0.5,1.0,0.0,1.0,2.5
428,Alfonzo McKinnie\mckinal01,SF,LAL,.511,0.3,.625,1.1,0.1,0.1,0.0,0.1,2.4
429,JaKarr Sampson\sampsja02,PF,IND,.455,0.1,.800,1.9,0.1,0.1,0.2,0.4,2.4
430,Yuta Watanabe\watanyu01,SF,TOR,.333,0.5,.900,3.0,0.5,0.4,0.5,0.3,2.4
431,Ed Davis\davised01,C,MIN,.419,0.0,.875,5.1,1.0,0.5,0.5,0.3,2.3
432,Malachi Flynn\flynnma01,PG,TOR,.275,0.3,.625,1.0,1.3,0.2,0.0,0.4,2.3
433,Norvel Pelle\pelleno01,C,SAC,.375,0.0,.750,2.0,0.3,0.0,0.8,0.8,2.3
434,Maurice Harkless\harklma01,SF,SAC,.455,0.6,.000,1.2,0.7,0.2,0.3,0.4,2.2
435,Elijah Hughes\hugheel01,SF,UTA,.389,0.5,.750,0.6,0.4,0.1,0.1,0.5,2.2
436,Keita Bates-Diop\bateske01,SF,SAS,.344,0.3,.700,1.3,0.4,0.4,0.1,0.1,2.1
437,Isaac Bonga\bongais01,SF,WAS,.390,0.4,.500,2.0,0.6,0.2,0.2,0.5,2.1
438,Nicolò Melli\mellini01,PF,DAL,.286,0.3,.857,2.6,1.1,0.4,0.0,0.3,2.1
439,Miye Oni\onimi01,SG,UTA,.375,0.6,.833,1.7,0.3,0.2,0.2,0.3,2.1
440,Devontae Cacok\cacokde01,PF,LAL,.643,0.0,.000,1.4,0.1,0.4,0.1,0.2,2.0
441,Wesley Iwundu\iwundwe01,SF,NOP,.321,0.1,.857,1.9,0.4,0.4,0.1,0.3,2.0
442,Ray Spalding\spaldra01,C,HOU,.500,0.0,.000,2.0,0.0,0.0,1.0,1.5,2.0
443,Killian Tillie\tilliki02,C,MEM,.200,0.4,.667,1.2,0.2,0.4,0.6,0.2,2.0
444,Nate Hinton\hintona01,SG,DAL,.368,0.1,.667,0.3,0.4,0.4,0.1,0.4,1.9
445,Justin James\jamesju01,SF,SAC,.425,0.2,.417,0.5,0.5,0.1,0.0,0.2,1.9
446,Cassius Winston\winstca01,PG,WAS,.400,0.5,1.000,0.7,1.0,0.0,0.1,0.1,1.9
447,Tyler Cook\cookty01,PF,DET,.500,0.0,.400,2.3,0.4,0.2,0.0,0.6,1.8
448,Robert Woodard\woodaro01,SF,SAC,.462,0.1,.375,1.0,0.0,0.0,0.1,0.1,1.8
449,Tre Jones\jonestr01,PG,SAS,.484,0.0,1.000,0.4,0.5,0.1,0.0,0.3,1.7
450,Daniel Oturu\oturuda01,C,LAC,.522,0.0,.500,1.3,0.4,0.1,0.2,0.3,1.6
451,Jarrell Brantley\brantja01,PF,UTA,.444,0.3,1.000,0.6,0.2,0.2,0.1,0.1,1.5
452,Vlatko Čančar\cancavl01,PF,DEN,.424,0.2,.833,1.2,0.3,0.3,0.1,0.4,1.5
453,Nate Darling\darlina01,SG,CHA,.250,0.5,,0.0,0.5,0.0,0.0,0.0,1.5
454,Bruno Fernando\fernabr01,C,ATL,.429,0.0,.625,2.8,0.4,0.1,0.1,0.7,1.5
455,Adam Mokoka\mokokad01,SG,CHI,.400,0.1,,0.4,0.4,0.2,0.1,0.2,1.4
456,Jahmi'us Ramsey\ramseja01,SG,SAC,.600,0.2,,0.8,0.2,0.0,0.2,0.2,1.4
457,Devon Dotson\dotsode01,PG,CHI,.500,0.0,,0.7,0.0,0.3,0.0,0.0,1.3
458,Cristiano Felício\feliccr01,C,CHI,.750,0.0,.600,1.4,0.6,0.2,0.0,0.3,1.3
459,Tim Frazier\fraziti01,PG,MEM,.250,0.0,,1.3,2.3,0.3,0.0,1.0,1.3
460,Jalen Lecque\lecquja01,PG,IND,.111,0.0,1.000,1.3,0.5,0.0,0.0,0.0,1.3
461,Kelan Martin\martike03,SF,IND,.333,0.1,1.000,0.9,0.1,0.2,0.1,0.3,1.3
462,Alen Smailagić\smailal01,PF,GSW,.286,0.3,.000,0.0,0.0,0.0,0.0,0.0,1.3
463,Jalen Smith\smithja04,PF,PHO,.381,0.1,.333,1.0,0.1,0.0,0.1,0.2,1.3
464,Marques Bolden\boldema01,C,CLE,.333,0.0,.625,1.0,0.0,0.3,0.3,0.3,1.2
465,Mfiondu Kabengele\kabenmf01,PF,LAC,.281,0.2,.833,0.6,0.2,0.1,0.1,0.3,1.2
466,Nick Richards\richani01,PF,CHA,.500,0.0,.636,0.7,0.0,0.0,0.0,0.1,1.2
467,Andre Roberson\roberan03,SG,BRK,.143,0.2,.500,3.0,0.8,0.6,0.2,0.4,1.2
468,Sindarius Thornwell\thornsi01,SG,NOP,.333,0.2,.000,0.4,0.3,0.4,0.1,0.3,1.2
469,Markus Howard\howarma02,SG,DEN,.220,0.2,.500,0.3,0.4,0.1,0.0,0.3,1.1
470,Cassius Stanley\stanlca01,SG,IND,.267,0.1,.800,0.7,0.0,0.0,0.2,0.1,1.1
471,Kostas Antetokounmpo\antetko01,PF,LAL,.500,0.0,.500,1.7,0.0,0.3,0.5,1.0,1.0
472,Udoka Azubuike\azubuud01,C,UTA,.571,0.0,.667,1.1,0.0,0.1,0.3,0.3,1.0
473,Brian Bowen\bowenbr02,SF,IND,.500,0.0,1.000,0.3,0.0,0.0,0.0,0.0,1.0
474,Shaquille Harrison\harrish01,SG,UTA,.300,0.0,.833,0.5,0.5,0.1,0.0,0.3,1.0
475,Rodions Kurucs\kurucro01,SF-PF,MIL,.250,0.2,.500,0.9,0.4,0.4,0.3,0.6,1.0
476,Karim Mané\maneka01,PG,ORL,.167,0.1,1.000,1.6,0.4,0.0,0.2,0.3,1.0
477,Patrick McCaw\mccawpa01,SF,TOR,1.000,0.0,1.000,0.6,0.8,0.4,0.0,0.0,1.0
478,Cameron Reynolds\reynoca01,G,SAS,1.000,0.0,,0.0,0.0,0.0,0.0,0.0,1.0
479,Iman Shumpert\shumpim01,SG,BRK,.250,0.0,,0.5,0.0,0.5,0.0,0.5,1.0
480,Tyrell Terry\terryty01,PG,DAL,.313,0.0,.333,0.5,0.5,0.5,0.0,0.2,1.0
481,Axel Toupane\toupaax01,G-F,MIL,.286,0.0,,1.0,0.5,0.0,0.8,0.0,1.0
482,Tyler Bey\beyty01,SF,DAL,.273,0.0,.500,1.3,0.1,0.0,0.1,0.0,0.9
483,Anthony Gill\gillan01,PF,WAS,.333,0.1,.750,1.5,0.3,0.2,0.2,0.2,0.9
484,Juwan Morgan\morgaju01,PF,UTA,.412,0.2,.200,0.8,0.2,0.2,0.0,0.1,0.9
485,Jalen Harris\harrija01,SG,TOR,.250,0.3,,0.8,0.5,0.3,0.0,0.3,0.8
486,Vincent Poirier\poirivi01,C,PHI,.250,0.0,.333,1.4,0.2,0.0,0.3,0.4,0.8
487,Vernon Carey Jr.\careyve01,C,CHA,.500,0.0,.500,1.3,0.1,0.0,0.1,0.1,0.7
488,Trent Forrest\forretr01,PG,UTA,.333,0.0,1.000,0.5,0.8,0.2,0.0,0.4,0.7
489,Jared Harper\harpeja01,PG,NYK,.000,0.0,1.000,0.0,0.0,0.0,0.0,0.7,0.7
490,Ignas Brazdeikis\brazdig01,SF,NYK,.000,0.0,1.000,0.5,0.3,0.0,0.0,0.3,0.5
491,Jared Dudley\dudleja01,PF,LAL,.286,0.2,,1.7,0.5,0.1,0.1,0.2,0.5
492,Ersan İlyasova\ilyaser01,F,UTA,.200,0.0,,0.5,0.3,0.0,0.0,0.3,0.5
493,Deividas Sirvydis\sirvyde01,SG,DET,.200,0.1,.500,0.3,0.1,0.1,0.0,0.1,0.5
494,Quinndary Weatherspoon\weathqu01,SG,SAS,.200,0.0,1.000,0.3,0.4,0.4,0.1,0.7,0.5
495,Keljin Blevins\blevike01,SF,POR,.182,0.0,,0.2,0.4,0.2,0.0,0.3,0.4
496,Naji Marshall\marshna01,SF,NOP,.167,0.0,.500,0.3,0.3,0.0,0.1,0.1,0.4
497,Jaylen Adams\adamsja01,PG,MIL,.125,0.0,,0.4,0.3,0.0,0.0,0.0,0.3
498,Terrance Ferguson\fergute01,SG,PHI,.143,0.0,,0.1,0.2,0.1,0.0,0.3,0.2
499,Wenyen Gabriel\gabriwe01,PF,NOP,.000,0.0,.500,1.2,0.3,0.0,0.0,0.5,0.2
500,Theo Pinson\pinsoth01,SG,NYK,.125,0.0,,0.2,0.1,0.0,0.0,0.1,0.2
501,Ty-Shon Alexander\alexaty01,SG,PHO,.000,0.0,,0.3,0.3,0.0,0.0,0.0,0.0
502,Ashton Hagans\haganas01,PG,MIN,,0.0,,0.0,0.0,0.0,0.0,0.5,0.0
503,Will Magnay\magnawi01,C,NOP,.000,0.0,,0.0,0.0,0.0,0.0,1.0,0.0
504,Anžejs Pasečņiks\pasecan01,C,WAS,.000,0.0,,1.0,1.0,0.0,0.0,5.0,0.0
505,Noah Vonleh\vonleno01,PF,BRK,.000,0.0,,0.3,0.3,0.0,0.0,0.5,0.0
506,Greg Whittington\whittgr01,PF,DEN,.000,0.0,,0.0,0.0,0.0,0.0,0.0,0.0
